,lat,lon,IIiii,RR
0,28.65472,121.4189,K8001,90
1,28.71889,121.9156,K8002,43
2,28.638986,121.3521,K8003,84
3,29.15,120.95,K8082,0
4,28.67805,121.4467,K8101,88
5,28.69667,121.4897,K8103,109
6,28.75389,121.4047,K8104,74
7,28.70806,121.3967,K8106,112
8,28.59306,121.4592,K8107,64
9,28.73028,121.4508,K8108,94
10,28.61944,121.5092,K8109,41
11,28.49639,121.9056,K8110,43
12,28.69444,121.4744,K8111,56
13,28.66417,121.4556,K8112,119
14,28.64,121.5019,K8113,67
15,28.61722,121.522441,K8114,73
16,28.59028,121.3997,K8115,87
17,28.60861,121.8156,K8116,37
18,28.45333,121.8894,K8117,0
19,28.68333,121.375,K8118,132
20,28.67805,121.5119,K8120,0
21,28.70583,121.4325,K8191,130
22,28.6525,121.28,K8201,85
23,28.59167,120.9753,K8202,45
24,28.54806,121.1744,K8203,119
25,28.61028,121.0614,K8204,101
26,28.67417,121.1369,K8205,128
27,28.53583,120.9131,K8206,43
28,28.67444,120.9375,K8207,99
29,28.65211,121.01093,K8208,64
30,28.60583,120.8744,K8209,111
31,28.515366,121.008268,K8210,163
32,28.6903,121.3275,K8212,101
33,28.54972,121.2781,K8213,100
34,28.58444,121.2314,K8214,129
35,28.68139,121.2067,K8215,121
36,28.595,121.1314,K8216,156
37,28.63222,121.1736,K8217,95
38,28.66945,121.2539,K8218,86
39,28.5981,120.92483,K8219,59
40,28.63056,121.0978,K8220,109
41,28.53806,121.0739,K8221,209
42,28.58417,120.7997,K8222,193
43,28.53722,120.9522,K8225,82
44,28.62472,121.2397,K8226,134
45,28.6125,121.2672,K8227,180
46,28.70555,121.3256,K8228,97
47,28.59833,120.82,K8270,177
48,28.50778,120.8914,K8271,98
49,28.52722,120.9522,K8272,78
50,28.48611,121.0247,K8274,169
51,28.58167,120.9753,K8282,52
52,28.64278,121.1564,K8283,121
53,28.57528,121.3503,K8301,100
54,28.52778,121.4456,K8302,37
55,28.51583,121.4972,K8303,44
56,28.48386,121.62174,K8304,14
57,28.52611,121.5967,K8305,39
58,28.58556,121.3344,K8306,107
59,28.55528,121.4222,K8307,74
60,28.51194,121.4036,K8308,63
61,28.55445,121.4694,K8309,37
62,28.54861,121.3681,K8310,95
63,28.56083,121.33,K8311,93
64,28.50805,121.5872,K8312,42
65,28.56807,121.51892,K8313,48
66,28.48389,121.6217,K8314,14
67,28.56139,121.5944,K8315,23
68,28.55056,121.6422,K8316,12
69,28.61778,121.3067,K8317,153
70,28.56417,121.3083,K8318,95
71,28.56139,121.5944,K8319,29
72,28.45833,121.6653,K8320,30
73,28.52889,121.3761,K8321,82
74,28.55556,121.5392,K8322,17
75,28.34945,121.4606,K8401,61
76,28.52972,121.3078,K8402,122
77,28.49111,121.2411,K8403,123
78,28.37111,121.5664,K8404,53
79,28.32472,121.2611,K8405,157
80,28.4475,121.3258,K8406,75
81,28.24639,121.6039,K8407,22
82,28.47806,121.4594,K8408,40
83,28.42222,121.6081,K8409,36
84,28.28611,121.3994,K8410,51
85,28.38389,121.3003,K8411,0
86,28.39889,121.5228,K8412,43
87,28.45056,121.5589,K8413,41
88,28.49917,121.2019,K8414,110
89,28.4125,121.6617,K8415,36
90,28.41556,121.4511,K8416,55
91,28.42056,121.2528,K8417,91
92,28.32583,121.6189,K8419,66
93,28.36194,121.2825,K8420,91
94,28.32944,121.3311,K8421,158
95,28.48222,121.3236,K8422,89
96,28.41195,121.3767,K8423,61
97,28.45722,121.3997,K8424,20
98,28.23111,121.6356,K8425,134
99,28.41111,121.5644,K8426,51
100,28.46889,121.2619,K8427,81
101,28.48944,121.3794,K8429,63
102,28.39,121.3681,K8430,81
103,28.49694,121.3361,K8441,85
104,28.43611,121.4358,K8442,62
105,28.48944,121.4331,K8443,46
106,28.345,121.4997,K8444,72
107,28.43167,121.6581,K8445,34
108,28.325,121.4075,K8446,60
109,28.32778,121.4594,K8447,59
110,28.30389,121.6469,K8448,27
111,28.48333,121.56667,K8452,-9999
112,28.25694,121.2867,K8501,47
113,28.16639,121.3717,K8502,80
114,28.24389,121.3803,K8503,22
115,28.21,121.1575,K8504,0
116,28.12556,121.2369,K8505,91
117,28.09222,121.4039,K8506,122
118,28.09167,121.2042,K8507,69
119,28.08583,121.52,K8508,158
120,28.08833,121.1528,K8509,112
121,28.19611,121.3092,K8510,25
122,28.19833,121.2414,K8511,60
123,28.21694,121.3014,K8512,96
124,28.10611,121.36417,K8513,37
125,28.27833,121.2453,K8515,167
126,28.10306,121.1358,K8517,81
127,28.22667,121.3333,K8518,100
128,28.24806,121.2539,K8520,89
129,28.31528,121.3458,K8521,0
130,28.195,121.2103,K8522,96
131,28.1333,121.1333,K8526,0
132,28.11917,121.1981,K8527,79
133,28.2425,121.1392,K8528,0
134,28.22222,121.3753,K8530,108
135,28.22222,121.3753,K8580,108
136,28.31528,121.3458,K8581,123
137,28.10611,121.36417,K8582,62
138,28.10556,121.2369,K8583,93
139,28.19833,121.2414,K8584,44
140,28.09167,121.2042,K8585,80
141,28.21,121.1575,K8586,55
142,28.08583,121.52,K8587,135
143,28.09222,121.4039,K8588,122
144,28.2425,121.1392,K8589,0
145,28.76667,121.4869,K8601,164
146,28.75694,121.3186,K8602,65
147,28.89917,120.9047,K8603,22
148,28.92889,121.2622,K8604,141
149,29.00056,121.1142,K8605,45
150,28.7425,121.1011,K8606,93
151,28.795,121.1706,K8607,126
152,28.84,121.2647,K8608,143
153,28.85222,121.4519,K8609,135
154,28.83722,121.6631,K8610,39
155,28.71278,121.6378,K8611,57
156,28.87944,121.3731,K8613,172
157,28.95778,121.2133,K8614,147
158,28.79444,121.1206,K8615,106
159,28.74611,121.2358,K8616,95
160,28.90444,121.2022,K8617,0
161,28.87278,121.0231,K8618,86
162,28.97889,121.1494,K8619,111
163,28.80861,121.5797,K8620,70
164,28.69306,121.5456,K8621,91
165,28.87167,121.0797,K8622,96
166,28.98,120.9153,K8623,62
167,29.01528,120.9958,K8624,34
168,28.93361,121.0011,K8625,32
169,28.69,121.0728,K8626,103
170,28.69111,121.7594,K8627,18
171,28.91,120.8944,K8628,21
172,28.80972,121.8475,K8629,88
173,28.74306,121.8481,K8630,63
174,28.72917,120.9675,K8640,155
175,28.77222,121.1153,K8641,92
176,28.82444,121.2322,K8642,94
177,29.00028,120.9667,K8643,64
178,28.89333,121.3694,K8644,161
179,28.89333,121.3694,K8645,8
180,28.84833,121.3367,K8646,174
181,29.00528,121.2608,K8647,154
182,28.91028,121.4022,K8648,152
183,28.71361,121.5781,K8649,97
184,28.71583,121.7297,K8650,53
185,28.70917,121.7539,K8651,0
186,28.71806,121.7117,K8652,0
187,28.78972,120.93333,K8654,0
188,28.75889,121.5583,K8655,111
189,28.85194,121.1328,K8661,82
190,28.43167,121.9033,K8666,0
191,28.0575,121.2708,K8667,74
192,28.71278,121.6378,K8681,90
193,29.26778,120.9864,K8701,109
194,29.12583,120.7947,K8702,33
195,29.25833,121.0914,K8703,0
196,29.09056,121.1014,K8704,67
197,29.05167,120.7939,K8705,88
198,29.07055,121.0,K8706,46
199,29.05917,120.7022,K8707,73
200,29.14472,120.8625,K8708,30
201,29.09945,120.8569,K8709,56
202,29.19722,120.8017,K8710,8
203,29.17194,121.2222,K8711,86
204,29.11111,121.1156,K8712,69
205,29.24306,121.0519,K8713,172
206,29.06778,121.1947,K8714,79
207,29.08805,120.8956,K8715,27
208,29.06944,121.0575,K8716,52
209,29.135,121.0372,K8717,46
210,29.28833,120.9108,K8718,0
211,29.12,121.1022,K8719,78
212,29.20111,120.8997,K8720,48
213,29.20694,121.0164,K8721,91
214,29.02028,120.8761,K8722,114
215,29.02306,120.77,K8723,118
216,29.13806,121.0067,K8724,40
217,29.08805,121.1758,K8725,118
218,29.07278,120.7303,K8726,67
219,29.15139,121.1528,K8727,67
220,29.31056,121.0619,K8728,120
221,29.22417,121.14,K8729,104
222,28.97583,120.8189,K8730,129
223,29.07139,120.8411,K8740,73
224,29.20361,120.9628,K8741,51
225,29.09,120.8,K8742,84
226,29.15,121.21667,K8743,146
227,29.22639,120.8475,K8746,69
228,29.115,121.1244,K8747,59
229,29.13389,120.98,K8759,20
230,29.28889,120.915,K8770,136
231,29.05139,120.8411,K8771,80
232,29.29333,121.1458,K8772,134
233,29.18444,121.1128,K8773,101
234,29.21722,120.8017,K8774,69
235,29.04361,121.3403,K8801,222
236,28.93806,121.7144,K8802,43
237,29.16195,121.5706,K8803,51
238,29.01167,121.5094,K8805,72
239,28.98389,121.3986,K8806,196
240,29.05,121.2208,K8807,79
241,28.8675,121.5128,K8808,143
242,28.92083,121.4714,K8809,113
243,29.01389,121.6083,K8810,111
244,28.97111,121.5808,K8811,103
245,29.0675,121.4881,K8812,133
246,28.87583,121.6383,K8813,88
247,29.07444,121.2789,K8814,61
248,29.15222,121.4575,K8815,58
249,29.10389,121.6006,K8816,0
250,29.07528,121.405,K8817,197
251,29.0025,121.3147,K8818,165
252,29.15861,121.3514,K8819,56
253,29.12361,121.48,K8820,84
254,28.92694,121.5833,K8821,108
255,29.15083,121.3683,K8822,67
256,29.10861,121.5767,K8823,102
257,29.00889,121.4683,K8824,0
258,29.06667,121.6792,K8825,73
259,28.89111,121.6617,K8826,89
260,28.89111,121.6617,K8827,84
261,29.02444,121.3881,K8828,290
262,29.05445,121.2419,K8829,75
263,29.16195,121.5706,K8830,0
264,29.04917,121.4242,K8840,311
265,29.11806,121.5811,K8841,22
266,28.72556,120.5786,K8901,59
267,28.72889,120.4772,K8902,52
268,28.71806,120.7936,K8903,158
269,28.94639,120.7519,K8904,0
270,28.62139,120.7147,K8905,134
271,28.78889,120.8575,K8906,193
272,28.85028,120.5117,K8907,42
273,28.66389,120.6708,K8908,87
274,28.895,120.6228,K8909,64
275,28.69833,120.3353,K8910,65
276,28.67194,120.5706,K8911,51
277,28.57361,120.3961,K8912,133
278,28.645,120.4797,K8913,74
279,28.61611,120.7961,K8914,0
280,28.77722,120.7242,K8915,48
281,28.56083,120.3333,K8916,124
282,28.83972,120.8778,K8917,23
283,28.72583,120.5208,K8918,57
284,28.76056,120.775,K8919,111
285,28.77944,120.4283,K8920,15
286,28.63111,120.4019,K8921,117
287,28.87944,120.8328,K8922,11
288,28.54944,120.5878,K8923,92
289,28.87833,120.6025,K8924,49
290,28.825,120.7467,K8925,0
291,28.69833,120.4433,K8926,54
292,28.87278,120.7306,K8927,17
293,28.81194,120.6328,K8928,9
294,28.775,120.5811,K8929,31
295,28.60417,120.6542,K8942,124
296,28.59222,120.5281,K8943,75
297,28.91639,120.7275,K8945,70
298,28.63917,120.6425,K8946,72
299,28.78306,120.5061,K8947,20
300,28.64528,120.4169,K8948,137
301,28.62583,120.8078,K8949,159
302,28.64278,120.8931,K8982,0
303,28.65472,121.4189,K8001,45
304,28.71889,121.9156,K8002,45
305,28.638986,121.3521,K8003,42
306,29.15,120.95,K8082,0
307,28.67805,121.4467,K8101,40
308,28.69667,121.4897,K8103,73
309,28.75389,121.4047,K8104,78
310,28.70806,121.3967,K8106,100
311,28.59306,121.4592,K8107,58
312,28.73028,121.4508,K8108,84
313,28.61944,121.5092,K8109,61
314,28.49639,121.9056,K8110,127
315,28.69444,121.4744,K8111,30
316,28.66417,121.4556,K8112,60
317,28.64,121.5019,K8113,47
318,28.61722,121.522441,K8114,75
319,28.59028,121.3997,K8115,57
320,28.60861,121.8156,K8116,71
321,28.45333,121.8894,K8117,0
322,28.68333,121.375,K8118,91
323,28.67805,121.5119,K8120,0
324,28.70583,121.4325,K8191,80
325,28.6525,121.28,K8201,106
326,28.59167,120.9753,K8202,113
327,28.54806,121.1744,K8203,129
328,28.61028,121.0614,K8204,157
329,28.67417,121.1369,K8205,187
330,28.53583,120.9131,K8206,96
331,28.67444,120.9375,K8207,133
332,28.65211,121.01093,K8208,189
333,28.60583,120.8744,K8209,157
334,28.515366,121.008268,K8210,209
335,28.6903,121.3275,K8212,106
336,28.54972,121.2781,K8213,84
337,28.58444,121.2314,K8214,102
338,28.68139,121.2067,K8215,120
339,28.595,121.1314,K8216,192
340,28.63222,121.1736,K8217,128
341,28.66945,121.2539,K8218,103
342,28.5981,120.92483,K8219,136
343,28.63056,121.0978,K8220,171
344,28.53806,121.0739,K8221,281
345,28.58417,120.7997,K8222,231
346,28.53722,120.9522,K8225,181
347,28.62472,121.2397,K8226,135
348,28.6125,121.2672,K8227,130
349,28.70555,121.3256,K8228,100
350,28.59833,120.82,K8270,222
351,28.50778,120.8914,K8271,191
352,28.52722,120.9522,K8272,172
353,28.48611,121.0247,K8274,269
354,28.58167,120.9753,K8282,126
355,28.64278,121.1564,K8283,140
356,28.57528,121.3503,K8301,67
357,28.52778,121.4456,K8302,47
358,28.51583,121.4972,K8303,89
359,28.48386,121.62174,K8304,28
360,28.52611,121.5967,K8305,89
361,28.58556,121.3344,K8306,65
362,28.55528,121.4222,K8307,77
363,28.51194,121.4036,K8308,87
364,28.55445,121.4694,K8309,52
365,28.54861,121.3681,K8310,86
366,28.56083,121.33,K8311,69
367,28.50805,121.5872,K8312,90
368,28.56807,121.51892,K8313,72
369,28.48389,121.6217,K8314,28
370,28.56139,121.5944,K8315,37
371,28.55056,121.6422,K8316,32
372,28.61778,121.3067,K8317,105
373,28.56417,121.3083,K8318,61
374,28.56139,121.5944,K8319,57
375,28.45833,121.6653,K8320,79
376,28.52889,121.3761,K8321,80
377,28.55556,121.5392,K8322,38
378,28.34945,121.4606,K8401,225
379,28.52972,121.3078,K8402,88
380,28.49111,121.2411,K8403,118
381,28.37111,121.5664,K8404,145
382,28.32472,121.2611,K8405,206
383,28.4475,121.3258,K8406,99
384,28.24639,121.6039,K8407,20
385,28.47806,121.4594,K8408,68
386,28.42222,121.6081,K8409,113
387,28.28611,121.3994,K8410,127
388,28.38389,121.3003,K8411,86
389,28.39889,121.5228,K8412,163
390,28.45056,121.5589,K8413,148
391,28.49917,121.2019,K8414,91
392,28.4125,121.6617,K8415,92
393,28.41556,121.4511,K8416,177
394,28.42056,121.2528,K8417,107
395,28.32583,121.6189,K8419,61
396,28.36194,121.2825,K8420,152
397,28.32944,121.3311,K8421,305
398,28.48222,121.3236,K8422,90
399,28.41195,121.3767,K8423,153
400,28.45722,121.3997,K8424,25
401,28.23111,121.6356,K8425,71
402,28.41111,121.5644,K8426,184
403,28.46889,121.2619,K8427,92
404,28.48944,121.3794,K8429,85
405,28.39,121.3681,K8430,181
406,28.49694,121.3361,K8441,89
407,28.43611,121.4358,K8442,132
408,28.48944,121.4331,K8443,75
409,28.345,121.4997,K8444,214
410,28.43167,121.6581,K8445,103
411,28.325,121.4075,K8446,252
412,28.32778,121.4594,K8447,213
413,28.30389,121.6469,K8448,16
414,28.48333,121.56667,K8452,-9999
415,28.25694,121.2867,K8501,77
416,28.16639,121.3717,K8502,214
417,28.24389,121.3803,K8503,42
418,28.21,121.1575,K8504,74
419,28.12556,121.2369,K8505,190
420,28.09222,121.4039,K8506,196
421,28.09167,121.2042,K8507,105
422,28.08583,121.52,K8508,47
423,28.08833,121.1528,K8509,141
424,28.19611,121.3092,K8510,64
425,28.19833,121.2414,K8511,107
426,28.21694,121.3014,K8512,222
427,28.10611,121.36417,K8513,141
428,28.27833,121.2453,K8515,168
429,28.10306,121.1358,K8517,63
430,28.22667,121.3333,K8518,322
431,28.24806,121.2539,K8520,122
432,28.31528,121.3458,K8521,206
433,28.195,121.2103,K8522,134
434,28.1333,121.1333,K8526,0
435,28.11917,121.1981,K8527,78
436,28.2425,121.1392,K8528,0
437,28.22222,121.3753,K8530,355
438,28.22222,121.3753,K8580,355
439,28.31528,121.3458,K8581,206
440,28.10611,121.36417,K8582,169
441,28.10556,121.2369,K8583,157
442,28.19833,121.2414,K8584,107
443,28.09167,121.2042,K8585,214
444,28.21,121.1575,K8586,74
445,28.08583,121.52,K8587,41
446,28.09222,121.4039,K8588,196
447,28.2425,121.1392,K8589,0
448,28.76667,121.4869,K8601,168
449,28.75694,121.3186,K8602,70
450,28.89917,120.9047,K8603,43
451,28.92889,121.2622,K8604,174
452,29.00056,121.1142,K8605,114
453,28.7425,121.1011,K8606,171
454,28.795,121.1706,K8607,134
455,28.84,121.2647,K8608,131
456,28.85222,121.4519,K8609,129
457,28.83722,121.6631,K8610,41
458,28.71278,121.6378,K8611,35
459,28.87944,121.3731,K8613,166
460,28.95778,121.2133,K8614,158
461,28.79444,121.1206,K8615,102
462,28.74611,121.2358,K8616,117
463,28.90444,121.2022,K8617,0
464,28.87278,121.0231,K8618,122
465,28.97889,121.1494,K8619,201
466,28.80861,121.5797,K8620,56
467,28.69306,121.5456,K8621,53
468,28.87167,121.0797,K8622,117
469,28.98,120.9153,K8623,93
470,29.01528,120.9958,K8624,66
471,28.93361,121.0011,K8625,91
472,28.69,121.0728,K8626,264
473,28.69111,121.7594,K8627,8
474,28.91,120.8944,K8628,37
475,28.80972,121.8475,K8629,82
476,28.74306,121.8481,K8630,74
477,28.72917,120.9675,K8640,180
478,28.77222,121.1153,K8641,93
479,28.82444,121.2322,K8642,93
480,29.00028,120.9667,K8643,91
481,28.89333,121.3694,K8644,142
482,28.89333,121.3694,K8645,7
483,28.84833,121.3367,K8646,210
484,29.00528,121.2608,K8647,274
485,28.91028,121.4022,K8648,125
486,28.71361,121.5781,K8649,68
487,28.71583,121.7297,K8650,37
488,28.70917,121.7539,K8651,0
489,28.71806,121.7117,K8652,0
490,28.78972,120.93333,K8654,0
491,28.75889,121.5583,K8655,80
492,28.85194,121.1328,K8661,96
493,28.43167,121.9033,K8666,0
494,28.0575,121.2708,K8667,199
495,28.71278,121.6378,K8681,62
496,29.26778,120.9864,K8701,92
497,29.12583,120.7947,K8702,73
498,29.25833,121.0914,K8703,137
499,29.09056,121.1014,K8704,128
500,29.05167,120.7939,K8705,181
501,29.07055,121.0,K8706,111
502,29.05917,120.7022,K8707,112
503,29.14472,120.8625,K8708,52
504,29.09945,120.8569,K8709,154
505,29.19722,120.8017,K8710,8
506,29.17194,121.2222,K8711,211
507,29.11111,121.1156,K8712,139
508,29.24306,121.0519,K8713,127
509,29.06778,121.1947,K8714,115
510,29.08805,120.8956,K8715,66
511,29.06944,121.0575,K8716,82
512,29.135,121.0372,K8717,119
513,29.28833,120.9108,K8718,0
514,29.12,121.1022,K8719,158
515,29.20111,120.8997,K8720,25
516,29.20694,121.0164,K8721,115
517,29.02028,120.8761,K8722,142
518,29.02306,120.77,K8723,222
519,29.13806,121.0067,K8724,101
520,29.08805,121.1758,K8725,178
521,29.07278,120.7303,K8726,130
522,29.15139,121.1528,K8727,156
523,29.31056,121.0619,K8728,87
524,29.22417,121.14,K8729,145
525,28.97583,120.8189,K8730,134
526,29.07139,120.8411,K8740,161
527,29.20361,120.9628,K8741,62
528,29.09,120.8,K8742,183
529,29.15,121.21667,K8743,41
530,29.12,120.86667,K8745,158
531,29.22639,120.8475,K8746,47
532,29.115,121.1244,K8747,120
533,29.13389,120.98,K8759,64
534,29.28889,120.915,K8770,74
535,29.05139,120.8411,K8771,179
536,29.29333,121.1458,K8772,136
537,29.18444,121.1128,K8773,186
538,29.21722,120.8017,K8774,61
539,29.04361,121.3403,K8801,281
540,28.93806,121.7144,K8802,31
541,29.16195,121.5706,K8803,81
542,29.01167,121.5094,K8805,68
543,28.98389,121.3986,K8806,233
544,29.05,121.2208,K8807,135
545,28.8675,121.5128,K8808,135
546,28.92083,121.4714,K8809,75
547,29.01389,121.6083,K8810,102
548,28.97111,121.5808,K8811,105
549,29.0675,121.4881,K8812,140
550,28.87583,121.6383,K8813,82
551,29.07444,121.2789,K8814,92
552,29.15222,121.4575,K8815,99
553,29.10389,121.6006,K8816,136
554,29.07528,121.405,K8817,244
555,29.0025,121.3147,K8818,185
556,29.15861,121.3514,K8819,128
557,29.12361,121.48,K8820,119
558,28.92694,121.5833,K8821,89
559,29.15083,121.3683,K8822,116
560,29.10861,121.5767,K8823,142
561,29.00889,121.4683,K8824,156
562,29.06667,121.6792,K8825,68
563,28.89111,121.6617,K8826,58
564,28.89111,121.6617,K8827,62
565,29.02444,121.3881,K8828,327
566,29.05445,121.2419,K8829,131
567,29.16195,121.5706,K8830,82
568,29.04917,121.4242,K8840,343
569,29.11806,121.5811,K8841,31
570,28.72556,120.5786,K8901,95
571,28.72889,120.4772,K8902,52
572,28.71806,120.7936,K8903,108
573,28.94639,120.7519,K8904,0
574,28.62139,120.7147,K8905,99
575,28.78889,120.8575,K8906,201
576,28.85028,120.5117,K8907,65
577,28.66389,120.6708,K8908,92
578,28.895,120.6228,K8909,98
579,28.69833,120.3353,K8910,52
580,28.67194,120.5706,K8911,130
581,28.57361,120.3961,K8912,148
582,28.645,120.4797,K8913,141
583,28.61611,120.7961,K8914,247
584,28.77722,120.7242,K8915,80
585,28.56083,120.3333,K8916,128
586,28.83972,120.8778,K8917,35
587,28.72583,120.5208,K8918,64
588,28.76056,120.775,K8919,104
589,28.77944,120.4283,K8920,50
590,28.63111,120.4019,K8921,127
591,28.87944,120.8328,K8922,28
592,28.54944,120.5878,K8923,108
593,28.87833,120.6025,K8924,90
594,28.825,120.7467,K8925,26
595,28.69833,120.4433,K8926,36
596,28.87278,120.7306,K8927,62
597,28.81194,120.6328,K8928,34
598,28.775,120.5811,K8929,58
599,28.60417,120.6542,K8942,100
600,28.59222,120.5281,K8943,148
601,28.91639,120.7275,K8945,142
602,28.63917,120.6425,K8946,65
603,28.78306,120.5061,K8947,54
604,28.64528,120.4169,K8948,163
605,28.62583,120.8078,K8949,185
606,28.64278,120.8931,K8982,0
607,28.65472,121.4189,K8001,62
608,28.71889,121.9156,K8002,54
609,28.638986,121.3521,K8003,56
610,29.15,120.95,K8082,0
611,28.67805,121.4467,K8101,69
612,28.69667,121.4897,K8103,94
613,28.75389,121.4047,K8104,42
614,28.70806,121.3967,K8106,77
615,28.59306,121.4592,K8107,114
616,28.73028,121.4508,K8108,52
617,28.61944,121.5092,K8109,96
618,28.49639,121.9056,K8110,84
619,28.69444,121.4744,K8111,30
620,28.66417,121.4556,K8112,91
621,28.64,121.5019,K8113,71
622,28.61722,121.522441,K8114,119
623,28.59028,121.3997,K8115,99
624,28.60861,121.8156,K8116,94
625,28.45333,121.8894,K8117,0
626,28.68333,121.375,K8118,96
627,28.67805,121.5119,K8120,0
628,28.70583,121.4325,K8191,72
629,28.6525,121.28,K8201,103
630,28.59167,120.9753,K8202,72
631,28.54806,121.1744,K8203,153
632,28.61028,121.0614,K8204,115
633,28.67417,121.1369,K8205,130
634,28.53583,120.9131,K8206,53
635,28.67444,120.9375,K8207,94
636,28.65211,121.01093,K8208,110
637,28.60583,120.8744,K8209,127
638,28.515366,121.008268,K8210,183
639,28.6903,121.3275,K8212,102
640,28.54972,121.2781,K8213,141
641,28.58444,121.2314,K8214,127
642,28.68139,121.2067,K8215,105
643,28.595,121.1314,K8216,228
644,28.63222,121.1736,K8217,147
645,28.66945,121.2539,K8218,104
646,28.5981,120.92483,K8219,79
647,28.63056,121.0978,K8220,118
648,28.53806,121.0739,K8221,286
649,28.58417,120.7997,K8222,190
650,28.53722,120.9522,K8225,104
651,28.62472,121.2397,K8226,140
652,28.6125,121.2672,K8227,179
653,28.70555,121.3256,K8228,91
654,28.59833,120.82,K8270,155
655,28.50778,120.8914,K8271,151
656,28.52722,120.9522,K8272,98
657,28.48611,121.0247,K8274,269
658,28.58167,120.9753,K8282,78
659,28.64278,121.1564,K8283,124
660,28.57528,121.3503,K8301,121
661,28.52778,121.4456,K8302,61
662,28.51583,121.4972,K8303,109
663,28.52611,121.5967,K8305,105
664,28.58556,121.3344,K8306,112
665,28.55528,121.4222,K8307,108
666,28.51194,121.4036,K8308,113
667,28.55445,121.4694,K8309,76
668,28.54861,121.3681,K8310,138
669,28.56083,121.33,K8311,122
670,28.50805,121.5872,K8312,37
671,28.56807,121.51892,K8313,88
672,28.48389,121.6217,K8314,48
673,28.56139,121.5944,K8315,28
674,28.55056,121.6422,K8316,23
675,28.61778,121.3067,K8317,125
676,28.56417,121.3083,K8318,112
677,28.56139,121.5944,K8319,44
678,28.45833,121.6653,K8320,17
679,28.52889,121.3761,K8321,109
680,28.55556,121.5392,K8322,46
681,28.34945,121.4606,K8401,77
682,28.52972,121.3078,K8402,114
683,28.49111,121.2411,K8403,206
684,28.37111,121.5664,K8404,28
685,28.32472,121.2611,K8405,423
686,28.4475,121.3258,K8406,183
687,28.24639,121.6039,K8407,34
688,28.47806,121.4594,K8408,76
689,28.42222,121.6081,K8409,39
690,28.28611,121.3994,K8410,88
691,28.38389,121.3003,K8411,88
692,28.39889,121.5228,K8412,46
693,28.45056,121.5589,K8413,80
694,28.49917,121.2019,K8414,127
695,28.4125,121.6617,K8415,31
696,28.41556,121.4511,K8416,167
697,28.42056,121.2528,K8417,259
698,28.32583,121.6189,K8419,2
699,28.36194,121.2825,K8420,264
700,28.32944,121.3311,K8421,435
701,28.48222,121.3236,K8422,168
702,28.41195,121.3767,K8423,238
703,28.45722,121.3997,K8424,30
704,28.23111,121.6356,K8425,3
705,28.41111,121.5644,K8426,15
706,28.46889,121.2619,K8427,214
707,28.48944,121.3794,K8429,123
708,28.39,121.3681,K8430,268
709,28.49694,121.3361,K8441,139
710,28.43611,121.4358,K8442,149
711,28.48944,121.4331,K8443,85
712,28.345,121.4997,K8444,48
713,28.43167,121.6581,K8445,57
714,28.325,121.4075,K8446,184
715,28.32778,121.4594,K8447,98
716,28.30389,121.6469,K8448,4
717,28.48333,121.56667,K8452,-9999
718,28.25694,121.2867,K8501,151
719,28.16639,121.3717,K8502,237
720,28.24389,121.3803,K8503,35
721,28.21,121.1575,K8504,199
722,28.12556,121.2369,K8505,331
723,28.09222,121.4039,K8506,132
724,28.09167,121.2042,K8507,361
725,28.08583,121.52,K8508,328
726,28.08833,121.1528,K8509,464
727,28.19611,121.3092,K8510,49
728,28.19833,121.2414,K8511,171
729,28.21694,121.3014,K8512,390
730,28.10611,121.36417,K8513,197
731,28.27833,121.2453,K8515,293
732,28.10306,121.1358,K8517,188
733,28.22667,121.3333,K8518,504
734,28.24806,121.2539,K8520,327
735,28.31528,121.3458,K8521,378
736,28.195,121.2103,K8522,283
737,28.1333,121.1333,K8526,0
738,28.11917,121.1981,K8527,224
739,28.2425,121.1392,K8528,0
740,28.22222,121.3753,K8530,385
741,28.22222,121.3753,K8580,385
742,28.31528,121.3458,K8581,378
743,28.10611,121.36417,K8582,202
744,28.10556,121.2369,K8583,333
745,28.19833,121.2414,K8584,184
746,28.09167,121.2042,K8585,237
747,28.21,121.1575,K8586,199
748,28.08583,121.52,K8587,327
749,28.09222,121.4039,K8588,132
750,28.2425,121.1392,K8589,0
751,28.76667,121.4869,K8601,98
752,28.75694,121.3186,K8602,36
753,28.89917,120.9047,K8603,32
754,28.92889,121.2622,K8604,140
755,29.00056,121.1142,K8605,92
756,28.7425,121.1011,K8606,101
757,28.795,121.1706,K8607,100
758,28.84,121.2647,K8608,100
759,28.85222,121.4519,K8609,91
760,28.83722,121.6631,K8610,18
761,28.71278,121.6378,K8611,43
762,28.87944,121.3731,K8613,109
763,28.95778,121.2133,K8614,177
764,28.79444,121.1206,K8615,101
765,28.74611,121.2358,K8616,48
766,28.90444,121.2022,K8617,0
767,28.87278,121.0231,K8618,95
768,28.97889,121.1494,K8619,196
769,28.80861,121.5797,K8620,42
770,28.69306,121.5456,K8621,55
771,28.87167,121.0797,K8622,91
772,28.98,120.9153,K8623,85
773,29.01528,120.9958,K8624,46
774,28.93361,121.0011,K8625,87
775,28.69,121.0728,K8626,138
776,28.69111,121.7594,K8627,1
777,28.91,120.8944,K8628,28
778,28.80972,121.8475,K8629,62
779,28.74306,121.8481,K8630,60
780,28.72917,120.9675,K8640,163
781,28.77222,121.1153,K8641,92
782,28.82444,121.2322,K8642,68
783,29.00028,120.9667,K8643,78
784,28.89333,121.3694,K8644,119
785,28.89333,121.3694,K8645,6
786,28.84833,121.3367,K8646,169
787,29.00528,121.2608,K8647,218
788,28.91028,121.4022,K8648,114
789,28.71361,121.5781,K8649,70
790,28.71583,121.7297,K8650,27
791,28.70917,121.7539,K8651,0
792,28.71806,121.7117,K8652,0
793,28.78972,120.93333,K8654,0
794,28.75889,121.5583,K8655,45
795,28.85194,121.1328,K8661,122
796,28.43167,121.9033,K8666,0
797,28.0575,121.2708,K8667,195
798,28.71278,121.6378,K8681,65
799,29.26778,120.9864,K8701,153
800,29.12583,120.7947,K8702,58
801,29.25833,121.0914,K8703,194
802,29.09056,121.1014,K8704,113
803,29.05167,120.7939,K8705,182
804,29.07055,121.0,K8706,68
805,29.05917,120.7022,K8707,115
806,29.14472,120.8625,K8708,49
807,29.09945,120.8569,K8709,143
808,29.19722,120.8017,K8710,8
809,29.17194,121.2222,K8711,211
810,29.11111,121.1156,K8712,123
811,29.24306,121.0519,K8713,244
812,29.06778,121.1947,K8714,145
813,29.08805,120.8956,K8715,42
814,29.06944,121.0575,K8716,62
815,29.135,121.0372,K8717,101
816,29.28833,120.9108,K8718,0
817,29.12,121.1022,K8719,143
818,29.20111,120.8997,K8720,60
819,29.20694,121.0164,K8721,146
820,29.02028,120.8761,K8722,146
821,29.02306,120.77,K8723,222
822,29.13806,121.0067,K8724,81
823,29.08805,121.1758,K8725,189
824,29.07278,120.7303,K8726,123
825,29.15139,121.1528,K8727,142
826,29.31056,121.0619,K8728,173
827,29.22417,121.14,K8729,127
828,28.97583,120.8189,K8730,142
829,29.07139,120.8411,K8740,142
830,29.20361,120.9628,K8741,95
831,29.09,120.8,K8742,176
832,29.15,121.21667,K8743,158
833,29.12,120.86667,K8745,142
834,29.22639,120.8475,K8746,74
835,29.115,121.1244,K8747,107
836,29.13389,120.98,K8759,52
837,29.28889,120.915,K8770,146
838,29.05139,120.8411,K8771,166
839,29.29333,121.1458,K8772,206
840,29.18444,121.1128,K8773,156
841,29.21722,120.8017,K8774,70
842,29.04361,121.3403,K8801,264
843,28.93806,121.7144,K8802,24
844,29.16195,121.5706,K8803,139
845,29.01167,121.5094,K8805,62
846,28.98389,121.3986,K8806,186
847,29.05,121.2208,K8807,169
848,28.8675,121.5128,K8808,83
849,28.92083,121.4714,K8809,73
850,29.01389,121.6083,K8810,132
851,28.97111,121.5808,K8811,90
852,29.0675,121.4881,K8812,133
853,28.87583,121.6383,K8813,53
854,29.07444,121.2789,K8814,135
855,29.15222,121.4575,K8815,128
856,29.10389,121.6006,K8816,112
857,29.07528,121.405,K8817,240
858,29.0025,121.3147,K8818,175
859,29.15861,121.3514,K8819,150
860,29.12361,121.48,K8820,145
861,28.92694,121.5833,K8821,75
862,29.15083,121.3683,K8822,155
863,29.10861,121.5767,K8823,121
864,29.00889,121.4683,K8824,147
865,29.06667,121.6792,K8825,40
866,28.89111,121.6617,K8826,35
867,28.89111,121.6617,K8827,42
868,29.02444,121.3881,K8828,286
869,29.05445,121.2419,K8829,157
870,29.16195,121.5706,K8830,145
871,29.04917,121.4242,K8840,264
872,29.11806,121.5811,K8841,19
873,28.72556,120.5786,K8901,84
874,28.72889,120.4772,K8902,61
875,28.71806,120.7936,K8903,136
876,28.94639,120.7519,K8904,0
877,28.62139,120.7147,K8905,133
878,28.78889,120.8575,K8906,150
879,28.85028,120.5117,K8907,72
880,28.66389,120.6708,K8908,125
881,28.895,120.6228,K8909,103
882,28.69833,120.3353,K8910,80
883,28.67194,120.5706,K8911,110
884,28.57361,120.3961,K8912,173
885,28.645,120.4797,K8913,135
886,28.61611,120.7961,K8914,240
887,28.77722,120.7242,K8915,46
888,28.56083,120.3333,K8916,124
889,28.83972,120.8778,K8917,21
890,28.72583,120.5208,K8918,47
891,28.76056,120.775,K8919,118
892,28.77944,120.4283,K8920,58
893,28.63111,120.4019,K8921,165
894,28.87944,120.8328,K8922,20
895,28.54944,120.5878,K8923,87
896,28.87833,120.6025,K8924,98
897,28.825,120.7467,K8925,10
898,28.69833,120.4433,K8926,57
899,28.87278,120.7306,K8927,59
900,28.81194,120.6328,K8928,28
901,28.775,120.5811,K8929,47
902,28.60417,120.6542,K8942,107
903,28.59222,120.5281,K8943,124
904,28.91639,120.7275,K8945,122
905,28.63917,120.6425,K8946,84
906,28.78306,120.5061,K8947,56
907,28.64528,120.4169,K8948,172
908,28.62583,120.8078,K8949,169
909,28.64278,120.8931,K8982,0
910,28.65472,121.4189,K8001,87
911,28.71889,121.9156,K8002,107
912,28.638986,121.3521,K8003,67
913,29.15,120.95,K8082,0
914,28.67805,121.4467,K8101,89
915,28.69667,121.4897,K8103,127
916,28.75389,121.4047,K8104,84
917,28.70806,121.3967,K8106,168
918,28.59306,121.4592,K8107,76
919,28.73028,121.4508,K8108,127
920,28.61944,121.5092,K8109,59
921,28.49639,121.9056,K8110,121
922,28.69444,121.4744,K8111,46
923,28.66417,121.4556,K8112,110
924,28.64,121.5019,K8113,15
925,28.61722,121.522441,K8114,83
926,28.59028,121.3997,K8115,94
927,28.60861,121.8156,K8116,198
928,28.45333,121.8894,K8117,0
929,28.68333,121.375,K8118,165
930,28.67805,121.5119,K8120,0
931,28.70583,121.4325,K8191,145
932,28.6525,121.28,K8201,191
933,28.59167,120.9753,K8202,73
934,28.54806,121.1744,K8203,403
935,28.61028,121.0614,K8204,184
936,28.67417,121.1369,K8205,250
937,28.53583,120.9131,K8206,57
938,28.65211,121.01093,K8208,118
939,28.60583,120.8744,K8209,190
940,28.515366,121.008268,K8210,209
941,28.6903,121.3275,K8212,190
942,28.54972,121.2781,K8213,236
943,28.58444,121.2314,K8214,207
944,28.68139,121.2067,K8215,206
945,28.595,121.1314,K8216,315
946,28.63222,121.1736,K8217,190
947,28.66945,121.2539,K8218,191
948,28.5981,120.92483,K8219,100
949,28.63056,121.0978,K8220,245
950,28.53806,121.0739,K8221,403
951,28.58417,120.7997,K8222,275
952,28.53722,120.9522,K8225,75
953,28.62472,121.2397,K8226,187
954,28.6125,121.2672,K8227,249
955,28.70555,121.3256,K8228,172
956,28.59833,120.82,K8270,194
957,28.50778,120.8914,K8271,129
958,28.52722,120.9522,K8272,69
959,28.48611,121.0247,K8274,431
960,28.58167,120.9753,K8282,76
961,28.64278,121.1564,K8283,215
962,28.57528,121.3503,K8301,148
963,28.52778,121.4456,K8302,67
964,28.51583,121.4972,K8303,53
965,28.48386,121.62174,K8304,28
966,28.52611,121.5967,K8305,96
967,28.58556,121.3344,K8306,152
968,28.55528,121.4222,K8307,100
969,28.51194,121.4036,K8308,79
970,28.55445,121.4694,K8309,66
971,28.54861,121.3681,K8310,157
972,28.56083,121.33,K8311,166
973,28.50805,121.5872,K8312,64
974,28.56807,121.51892,K8313,65
975,28.48389,121.6217,K8314,28
976,28.56139,121.5944,K8315,23
977,28.55056,121.6422,K8316,87
978,28.61778,121.3067,K8317,209
979,28.56417,121.3083,K8318,205
980,28.56139,121.5944,K8319,30
981,28.45833,121.6653,K8320,21
982,28.52889,121.3761,K8321,143
983,28.55556,121.5392,K8322,42
984,28.34945,121.4606,K8401,56
985,28.52972,121.3078,K8402,234
986,28.49111,121.2411,K8403,368
987,28.37111,121.5664,K8404,50
988,28.32472,121.2611,K8405,309
989,28.4475,121.3258,K8406,101
990,28.24639,121.6039,K8407,85
991,28.47806,121.4594,K8408,28
992,28.42222,121.6081,K8409,5
993,28.28611,121.3994,K8410,77
994,28.38389,121.3003,K8411,53
995,28.39889,121.5228,K8412,24
996,28.45056,121.5589,K8413,19
997,28.49917,121.2019,K8414,263
998,28.4125,121.6617,K8415,43
999,28.41556,121.4511,K8416,30
1000,28.42056,121.2528,K8417,229
1001,28.32583,121.6189,K8419,76
1002,28.36194,121.2825,K8420,181
1003,28.32944,121.3311,K8421,503
1004,28.48222,121.3236,K8422,157
1005,28.41195,121.3767,K8423,91
1006,28.45722,121.3997,K8424,16
1007,28.23111,121.6356,K8425,26
1008,28.41111,121.5644,K8426,21
1009,28.46889,121.2619,K8427,245
1010,28.48944,121.3794,K8429,98
1011,28.39,121.3681,K8430,80
1012,28.49694,121.3361,K8441,176
1013,28.43611,121.4358,K8442,32
1014,28.48944,121.4331,K8443,44
1015,28.345,121.4997,K8444,39
1016,28.43167,121.6581,K8445,18
1017,28.325,121.4075,K8446,75
1018,28.32778,121.4594,K8447,47
1019,28.30389,121.6469,K8448,107
1020,28.48333,121.56667,K8452,-9999
1021,28.25694,121.2867,K8501,399
1022,28.16639,121.3717,K8502,610
1023,28.24389,121.3803,K8503,190
1024,28.21,121.1575,K8504,110
1025,28.12556,121.2369,K8505,399
1026,28.09222,121.4039,K8506,173
1027,28.09167,121.2042,K8507,485
1028,28.08583,121.52,K8508,135
1029,28.08833,121.1528,K8509,319
1030,28.19611,121.3092,K8510,94
1031,28.19833,121.2414,K8511,219
1032,28.21694,121.3014,K8512,659
1033,28.10611,121.36417,K8513,301
1034,28.27833,121.2453,K8515,443
1035,28.10306,121.1358,K8517,94
1036,28.22667,121.3333,K8518,729
1037,28.24806,121.2539,K8520,446
1038,28.31528,121.3458,K8521,379
1039,28.195,121.2103,K8522,258
1040,28.1333,121.1333,K8526,0
1041,28.11917,121.1981,K8527,202
1042,28.2425,121.1392,K8528,0
1043,28.22222,121.3753,K8530,400
1044,28.22222,121.3753,K8580,400
1045,28.31528,121.3458,K8581,379
1046,28.10611,121.36417,K8582,331
1047,28.10556,121.2369,K8583,448
1048,28.19833,121.2414,K8584,284
1049,28.09167,121.2042,K8585,610
1050,28.21,121.1575,K8586,110
1051,28.08583,121.52,K8587,138
1052,28.09222,121.4039,K8588,173
1053,28.2425,121.1392,K8589,0
1054,28.76667,121.4869,K8601,179
1055,28.75694,121.3186,K8602,68
1056,28.89917,120.9047,K8603,65
1057,28.92889,121.2622,K8604,150
1058,29.00056,121.1142,K8605,94
1059,28.7425,121.1011,K8606,133
1060,28.795,121.1706,K8607,156
1061,28.84,121.2647,K8608,199
1062,28.85222,121.4519,K8609,210
1063,28.83722,121.6631,K8610,47
1064,28.71278,121.6378,K8611,56
1065,28.87944,121.3731,K8613,197
1066,28.95778,121.2133,K8614,142
1067,28.79444,121.1206,K8615,131
1068,28.74611,121.2358,K8616,130
1069,28.90444,121.2022,K8617,0
1070,28.87278,121.0231,K8618,116
1071,28.97889,121.1494,K8619,150
1072,28.80861,121.5797,K8620,85
1073,28.69306,121.5456,K8621,89
1074,28.87167,121.0797,K8622,96
1075,28.98,120.9153,K8623,143
1076,29.01528,120.9958,K8624,78
1077,28.93361,121.0011,K8625,72
1078,28.69,121.0728,K8626,151
1079,28.69111,121.7594,K8627,4
1080,28.91,120.8944,K8628,70
1081,28.80972,121.8475,K8629,102
1082,28.74306,121.8481,K8630,70
1083,28.72917,120.9675,K8640,193
1084,28.77222,121.1153,K8641,114
1085,28.82444,121.2322,K8642,111
1086,29.00028,120.9667,K8643,117
1087,28.89333,121.3694,K8644,145
1088,28.89333,121.3694,K8645,5
1089,28.84833,121.3367,K8646,255
1090,29.00528,121.2608,K8647,197
1091,28.91028,121.4022,K8648,135
1092,28.71361,121.5781,K8649,135
1093,28.71583,121.7297,K8650,44
1094,28.70917,121.7539,K8651,0
1095,28.71806,121.7117,K8652,0
1096,28.78972,120.93333,K8654,0
1097,28.75889,121.5583,K8655,98
1098,28.85194,121.1328,K8661,102
1099,28.43167,121.9033,K8666,0
1100,28.0575,121.2708,K8667,302
1101,28.71278,121.6378,K8681,86
1102,29.26778,120.9864,K8701,269
1103,29.12583,120.7947,K8702,91
1104,29.25833,121.0914,K8703,425
1105,29.09056,121.1014,K8704,128
1106,29.05167,120.7939,K8705,194
1107,29.07055,121.0,K8706,135
1108,29.05917,120.7022,K8707,102
1109,29.14472,120.8625,K8708,87
1110,29.09945,120.8569,K8709,176
1111,29.19722,120.8017,K8710,7
1112,29.17194,121.2222,K8711,261
1113,29.11111,121.1156,K8712,137
1114,29.24306,121.0519,K8713,451
1115,29.06778,121.1947,K8714,120
1116,29.08805,120.8956,K8715,67
1117,29.06944,121.0575,K8716,80
1118,29.135,121.0372,K8717,154
1119,29.28833,120.9108,K8718,0
1120,29.12,121.1022,K8719,161
1121,29.20111,120.8997,K8720,161
1122,29.20694,121.0164,K8721,243
1123,29.02028,120.8761,K8722,170
1124,29.02306,120.77,K8723,217
1125,29.13806,121.0067,K8724,123
1126,29.08805,121.1758,K8725,153
1127,29.07278,120.7303,K8726,107
1128,29.15139,121.1528,K8727,172
1129,29.31056,121.0619,K8728,276
1130,29.22417,121.14,K8729,259
1131,28.97583,120.8189,K8730,186
1132,29.07139,120.8411,K8740,179
1133,29.20361,120.9628,K8741,194
1134,29.09,120.8,K8742,184
1135,29.15,121.21667,K8743,131
1136,29.12,120.86667,K8745,175
1137,29.22639,120.8475,K8746,156
1138,29.115,121.1244,K8747,116
1139,29.13389,120.98,K8759,78
1140,29.28889,120.915,K8770,190
1141,29.05139,120.8411,K8771,196
1142,29.29333,121.1458,K8772,344
1143,29.18444,121.1128,K8773,266
1144,29.21722,120.8017,K8774,150
1145,29.04361,121.3403,K8801,200
1146,28.93806,121.7144,K8802,28
1147,29.16195,121.5706,K8803,125
1148,29.01167,121.5094,K8805,60
1149,28.98389,121.3986,K8806,208
1150,29.05,121.2208,K8807,122
1151,28.8675,121.5128,K8808,165
1152,28.92083,121.4714,K8809,90
1153,29.01389,121.6083,K8810,129
1154,28.97111,121.5808,K8811,100
1155,29.0675,121.4881,K8812,107
1156,28.87583,121.6383,K8813,102
1157,29.07444,121.2789,K8814,87
1158,29.15222,121.4575,K8815,134
1159,29.10389,121.6006,K8816,130
1160,29.07528,121.405,K8817,178
1161,29.0025,121.3147,K8818,143
1162,29.15861,121.3514,K8819,175
1163,29.12361,121.48,K8820,134
1164,28.92694,121.5833,K8821,80
1165,29.15083,121.3683,K8822,157
1166,29.10861,121.5767,K8823,138
1167,29.00889,121.4683,K8824,144
1168,29.06667,121.6792,K8825,20
1169,28.89111,121.6617,K8826,54
1170,28.89111,121.6617,K8827,67
1171,29.02444,121.3881,K8828,271
1172,29.05445,121.2419,K8829,112
1173,29.16195,121.5706,K8830,134
1174,29.04917,121.4242,K8840,242
1175,29.11806,121.5811,K8841,18
1176,28.72556,120.5786,K8901,36
1177,28.72889,120.4772,K8902,37
1178,28.71806,120.7936,K8903,160
1179,28.94639,120.7519,K8904,0
1180,28.62139,120.7147,K8905,136
1181,28.78889,120.8575,K8906,230
1182,28.85028,120.5117,K8907,67
1183,28.66389,120.6708,K8908,175
1184,28.895,120.6228,K8909,118
1185,28.69833,120.3353,K8910,98
1186,28.67194,120.5706,K8911,88
1187,28.57361,120.3961,K8912,153
1188,28.645,120.4797,K8913,81
1189,28.61611,120.7961,K8914,227
1190,28.77722,120.7242,K8915,64
1191,28.56083,120.3333,K8916,93
1192,28.83972,120.8778,K8917,37
1193,28.72583,120.5208,K8918,35
1194,28.76056,120.775,K8919,153
1195,28.77944,120.4283,K8920,34
1196,28.63111,120.4019,K8921,56
1197,28.87944,120.8328,K8922,66
1198,28.54944,120.5878,K8923,82
1199,28.87833,120.6025,K8924,99
1200,28.825,120.7467,K8925,37
1201,28.69833,120.4433,K8926,26
1202,28.87278,120.7306,K8927,116
1203,28.81194,120.6328,K8928,58
1204,28.775,120.5811,K8929,50
1205,28.60417,120.6542,K8942,128
1206,28.59222,120.5281,K8943,165
1207,28.91639,120.7275,K8945,157
1208,28.63917,120.6425,K8946,122
1209,28.78306,120.5061,K8947,39
1210,28.64528,120.4169,K8948,62
1211,28.62583,120.8078,K8949,183
1212,28.64278,120.8931,K8982,0
1213,28.65472,121.4189,K8001,68
1214,28.71889,121.9156,K8002,39
1215,28.638986,121.3521,K8003,24
1216,29.15,120.95,K8082,0
1217,28.67805,121.4467,K8101,86
1218,28.69667,121.4897,K8103,105
1219,28.75389,121.4047,K8104,148
1220,28.70806,121.3967,K8106,136
1221,28.59306,121.4592,K8107,125
1222,28.73028,121.4508,K8108,150
1223,28.61944,121.5092,K8109,129
1224,28.49639,121.9056,K8110,139
1225,28.69444,121.4744,K8111,38
1226,28.66417,121.4556,K8112,116
1227,28.64,121.5019,K8113,37
1228,28.61722,121.522441,K8114,145
1229,28.59028,121.3997,K8115,83
1230,28.60861,121.8156,K8116,230
1231,28.45333,121.8894,K8117,0
1232,28.68333,121.375,K8118,100
1233,28.67805,121.5119,K8120,0
1234,28.70583,121.4325,K8191,128
1235,28.6525,121.28,K8201,151
1236,28.59167,120.9753,K8202,250
1237,28.54806,121.1744,K8203,236
1238,28.61028,121.0614,K8204,374
1239,28.67417,121.1369,K8205,350
1240,28.53583,120.9131,K8206,166
1241,28.65211,121.01093,K8208,341
1242,28.60583,120.8744,K8209,339
1243,28.515366,121.008268,K8210,394
1244,28.6903,121.3275,K8212,137
1245,28.54972,121.2781,K8213,57
1246,28.58444,121.2314,K8214,69
1247,28.68139,121.2067,K8215,147
1248,28.595,121.1314,K8216,331
1249,28.63222,121.1736,K8217,140
1250,28.66945,121.2539,K8218,152
1251,28.5981,120.92483,K8219,261
1252,28.63056,121.0978,K8220,405
1253,28.53806,121.0739,K8221,457
1254,28.58417,120.7997,K8222,388
1255,28.53722,120.9522,K8225,270
1256,28.62472,121.2397,K8226,1
1257,28.6125,121.2672,K8227,69
1258,28.70555,121.3256,K8228,123
1259,28.59833,120.82,K8270,265
1260,28.50778,120.8914,K8271,353
1261,28.52722,120.9522,K8272,234
1262,28.48611,121.0247,K8274,661
1263,28.58167,120.9753,K8282,249
1264,28.64278,121.1564,K8283,202
1265,28.57528,121.3503,K8301,72
1266,28.52778,121.4456,K8302,57
1267,28.51583,121.4972,K8303,133
1268,28.48386,121.62174,K8304,51
1269,28.52611,121.5967,K8305,199
1270,28.58556,121.3344,K8306,82
1271,28.55528,121.4222,K8307,91
1272,28.51194,121.4036,K8308,62
1273,28.55445,121.4694,K8309,55
1274,28.54861,121.3681,K8310,56
1275,28.56083,121.33,K8311,60
1276,28.50805,121.5872,K8312,144
1277,28.56807,121.51892,K8313,131
1278,28.48389,121.6217,K8314,51
1279,28.56139,121.5944,K8315,79
1280,28.55056,121.6422,K8316,185
1281,28.61778,121.3067,K8317,116
1282,28.56417,121.3083,K8318,54
1283,28.56139,121.5944,K8319,101
1284,28.45833,121.6653,K8320,28
1285,28.52889,121.3761,K8321,50
1286,28.55556,121.5392,K8322,89
1287,28.34945,121.4606,K8401,152
1288,28.52972,121.3078,K8402,57
1289,28.49111,121.2411,K8403,127
1290,28.37111,121.5664,K8404,257
1291,28.32472,121.2611,K8405,0
1292,28.4475,121.3258,K8406,106
1293,28.24639,121.6039,K8407,221
1294,28.47806,121.4594,K8408,71
1295,28.42222,121.6081,K8409,26
1296,28.28611,121.3994,K8410,244
1297,28.38389,121.3003,K8411,180
1298,28.39889,121.5228,K8412,178
1299,28.45056,121.5589,K8413,143
1300,28.49917,121.2019,K8414,126
1301,28.4125,121.6617,K8415,120
1302,28.41556,121.4511,K8416,96
1303,28.42056,121.2528,K8417,244
1304,28.32583,121.6189,K8419,256
1305,28.36194,121.2825,K8420,244
1306,28.32944,121.3311,K8421,254
1307,28.48222,121.3236,K8422,130
1308,28.41195,121.3767,K8423,101
1309,28.45722,121.3997,K8424,85
1310,28.23111,121.6356,K8425,60
1311,28.41111,121.5644,K8426,122
1312,28.46889,121.2619,K8427,79
1313,28.48944,121.3794,K8429,51
1314,28.39,121.3681,K8430,147
1315,28.49694,121.3361,K8441,88
1316,28.43611,121.4358,K8442,101
1317,28.48944,121.4331,K8443,66
1318,28.345,121.4997,K8444,147
1319,28.43167,121.6581,K8445,61
1320,28.325,121.4075,K8446,192
1321,28.32778,121.4594,K8447,20
1322,28.30389,121.6469,K8448,185
1323,28.48333,121.56667,K8452,-9999
1324,28.25694,121.2867,K8501,753
1325,28.16639,121.3717,K8502,429
1326,28.24389,121.3803,K8503,306
1327,28.21,121.1575,K8504,254
1328,28.12556,121.2369,K8505,312
1329,28.09222,121.4039,K8506,168
1330,28.09167,121.2042,K8507,219
1331,28.08583,121.52,K8508,103
1332,28.08833,121.1528,K8509,138
1333,28.19611,121.3092,K8510,298
1334,28.19833,121.2414,K8511,165
1335,28.21694,121.3014,K8512,579
1336,28.10611,121.36417,K8513,115
1337,28.27833,121.2453,K8515,749
1338,28.10306,121.1358,K8517,11
1339,28.22667,121.3333,K8518,515
1340,28.24806,121.2539,K8520,547
1341,28.31528,121.3458,K8521,235
1342,28.195,121.2103,K8522,269
1343,28.1333,121.1333,K8526,0
1344,28.11917,121.1981,K8527,171
1345,28.2425,121.1392,K8528,0
1346,28.22222,121.3753,K8530,484
1347,28.22222,121.3753,K8580,484
1348,28.31528,121.3458,K8581,235
1349,28.10611,121.36417,K8582,126
1350,28.10556,121.2369,K8583,359
1351,28.19833,121.2414,K8584,245
1352,28.09167,121.2042,K8585,429
1353,28.21,121.1575,K8586,254
1354,28.08583,121.52,K8587,93
1355,28.09222,121.4039,K8588,168
1356,28.2425,121.1392,K8589,0
1357,28.76667,121.4869,K8601,203
1358,28.75694,121.3186,K8602,1
1359,28.89917,120.9047,K8603,80
1360,28.92889,121.2622,K8604,225
1361,29.00056,121.1142,K8605,109
1362,28.7425,121.1011,K8606,251
1363,28.795,121.1706,K8607,170
1364,28.84,121.2647,K8608,280
1365,28.85222,121.4519,K8609,212
1366,28.83722,121.6631,K8610,45
1367,28.71278,121.6378,K8611,58
1368,28.87944,121.3731,K8613,182
1369,28.95778,121.2133,K8614,179
1370,28.79444,121.1206,K8615,192
1371,28.74611,121.2358,K8616,223
1372,28.90444,121.2022,K8617,0
1373,28.87278,121.0231,K8618,148
1374,28.97889,121.1494,K8619,225
1375,28.80861,121.5797,K8620,130
1376,28.69306,121.5456,K8621,61
1377,28.87167,121.0797,K8622,150
1378,28.98,120.9153,K8623,122
1379,29.01528,120.9958,K8624,89
1380,28.93361,121.0011,K8625,121
1381,28.69,121.0728,K8626,371
1382,28.69111,121.7594,K8627,8
1383,28.91,120.8944,K8628,78
1384,28.80972,121.8475,K8629,114
1385,28.74306,121.8481,K8630,35
1386,28.72917,120.9675,K8640,304
1387,28.77222,121.1153,K8641,154
1388,28.82444,121.2322,K8642,174
1389,29.00028,120.9667,K8643,109
1390,28.89333,121.3694,K8644,230
1391,28.89333,121.3694,K8645,4
1392,28.84833,121.3367,K8646,245
1393,29.00528,121.2608,K8647,240
1394,28.91028,121.4022,K8648,269
1395,28.71361,121.5781,K8649,154
1396,28.71583,121.7297,K8650,87
1397,28.70917,121.7539,K8651,0
1398,28.71806,121.7117,K8652,0
1399,28.78972,120.93333,K8654,0
1400,28.75889,121.5583,K8655,137
1401,28.85194,121.1328,K8661,149
1402,28.43167,121.9033,K8666,0
1403,28.0575,121.2708,K8667,209
1404,28.71278,121.6378,K8681,94
1405,29.26778,120.9864,K8701,191
1406,29.12583,120.7947,K8702,94
1407,29.25833,121.0914,K8703,303
1408,29.09056,121.1014,K8704,103
1409,29.05167,120.7939,K8705,147
1410,29.07055,121.0,K8706,89
1411,29.05917,120.7022,K8707,112
1412,29.14472,120.8625,K8708,65
1413,29.09945,120.8569,K8709,136
1414,29.19722,120.8017,K8710,8
1415,29.17194,121.2222,K8711,219
1416,29.11111,121.1156,K8712,112
1417,29.24306,121.0519,K8713,314
1418,29.06778,121.1947,K8714,108
1419,29.08805,120.8956,K8715,69
1420,29.06944,121.0575,K8716,82
1421,29.135,121.0372,K8717,100
1422,29.28833,120.9108,K8718,0
1423,29.12,121.1022,K8719,121
1424,29.20111,120.8997,K8720,77
1425,29.20694,121.0164,K8721,156
1426,29.02028,120.8761,K8722,141
1427,29.02306,120.77,K8723,207
1428,29.13806,121.0067,K8724,87
1429,29.08805,121.1758,K8725,132
1430,29.07278,120.7303,K8726,116
1431,29.15139,121.1528,K8727,156
1432,29.31056,121.0619,K8728,241
1433,29.22417,121.14,K8729,215
1434,28.97583,120.8189,K8730,178
1435,29.07139,120.8411,K8740,151
1436,29.20361,120.9628,K8741,107
1437,29.09,120.8,K8742,144
1438,29.15,121.21667,K8743,181
1439,29.12,120.86667,K8745,139
1440,29.22639,120.8475,K8746,115
1441,29.115,121.1244,K8747,89
1442,29.13389,120.98,K8759,64
1443,29.28889,120.915,K8770,198
1444,29.05139,120.8411,K8771,164
1445,29.29333,121.1458,K8772,266
1446,29.18444,121.1128,K8773,238
1447,29.21722,120.8017,K8774,114
1448,29.04361,121.3403,K8801,251
1449,28.93806,121.7144,K8802,45
1450,29.16195,121.5706,K8803,239
1451,29.01167,121.5094,K8805,66
1452,28.98389,121.3986,K8806,332
1453,29.05,121.2208,K8807,130
1454,28.8675,121.5128,K8808,152
1455,28.92083,121.4714,K8809,234
1456,29.01389,121.6083,K8810,109
1457,28.97111,121.5808,K8811,105
1458,29.0675,121.4881,K8812,73
1459,28.87583,121.6383,K8813,72
1460,29.07444,121.2789,K8814,81
1461,29.15222,121.4575,K8815,146
1462,29.10389,121.6006,K8816,109
1463,29.07528,121.405,K8817,123
1464,29.0025,121.3147,K8818,206
1465,29.15861,121.3514,K8819,143
1466,29.12361,121.48,K8820,114
1467,28.92694,121.5833,K8821,182
1468,29.15083,121.3683,K8822,133
1469,29.10861,121.5767,K8823,116
1470,29.00889,121.4683,K8824,191
1471,29.06667,121.6792,K8825,9
1472,28.89111,121.6617,K8826,103
1473,28.89111,121.6617,K8827,95
1474,29.02444,121.3881,K8828,239
1475,29.05445,121.2419,K8829,110
1476,29.16195,121.5706,K8830,250
1477,29.04917,121.4242,K8840,260
1478,29.11806,121.5811,K8841,18
1479,28.72556,120.5786,K8901,65
1480,28.72889,120.4772,K8902,41
1481,28.71806,120.7936,K8903,205
1482,28.94639,120.7519,K8904,0
1483,28.62139,120.7147,K8905,156
1484,28.78889,120.8575,K8906,222
1485,28.85028,120.5117,K8907,92
1486,28.66389,120.6708,K8908,194
1487,28.895,120.6228,K8909,138
1488,28.69833,120.3353,K8910,117
1489,28.67194,120.5706,K8911,121
1490,28.57361,120.3961,K8912,152
1491,28.645,120.4797,K8913,127
1492,28.61611,120.7961,K8914,253
1493,28.77722,120.7242,K8915,91
1494,28.56083,120.3333,K8916,75
1495,28.83972,120.8778,K8917,54
1496,28.72583,120.5208,K8918,53
1497,28.76056,120.775,K8919,131
1498,28.77944,120.4283,K8920,70
1499,28.63111,120.4019,K8921,42
1500,28.87944,120.8328,K8922,75
1501,28.54944,120.5878,K8923,136
1502,28.87833,120.6025,K8924,134
1503,28.825,120.7467,K8925,47
1504,28.69833,120.4433,K8926,32
1505,28.87278,120.7306,K8927,104
1506,28.81194,120.6328,K8928,60
1507,28.775,120.5811,K8929,73
1508,28.60417,120.6542,K8942,166
1509,28.59222,120.5281,K8943,197
1510,28.91639,120.7275,K8945,155
1511,28.63917,120.6425,K8946,159
1512,28.78306,120.5061,K8947,48
1513,28.64528,120.4169,K8948,53
1514,28.62583,120.8078,K8949,289
1515,28.64278,120.8931,K8982,0
1516,28.65472,121.4189,K8001,99
1517,28.71889,121.9156,K8002,18
1518,28.638986,121.3521,K8003,67
1519,29.15,120.95,K8082,0
1520,28.67805,121.4467,K8101,114
1521,28.69667,121.4897,K8103,135
1522,28.75389,121.4047,K8104,188
1523,28.70806,121.3967,K8106,171
1524,28.59306,121.4592,K8107,141
1525,28.73028,121.4508,K8108,153
1526,28.61944,121.5092,K8109,152
1527,28.49639,121.9056,K8110,36
1528,28.69444,121.4744,K8111,40
1529,28.66417,121.4556,K8112,156
1530,28.64,121.5019,K8113,163
1531,28.61722,121.522441,K8114,206
1532,28.59028,121.3997,K8115,92
1533,28.60861,121.8156,K8116,77
1534,28.45333,121.8894,K8117,0
1535,28.68333,121.375,K8118,114
1536,28.67805,121.5119,K8120,0
1537,28.70583,121.4325,K8191,144
1538,28.6525,121.28,K8201,93
1539,28.59167,120.9753,K8202,397
1540,28.54806,121.1744,K8203,200
1541,28.61028,121.0614,K8204,331
1542,28.67417,121.1369,K8205,256
1543,28.53583,120.9131,K8206,243
1544,28.65211,121.01093,K8208,523
1545,28.60583,120.8744,K8209,506
1546,28.515366,121.008268,K8210,512
1547,28.6903,121.3275,K8212,123
1548,28.54972,121.2781,K8213,108
1549,28.58444,121.2314,K8214,46
1550,28.68139,121.2067,K8215,77
1551,28.595,121.1314,K8216,377
1552,28.63222,121.1736,K8217,98
1553,28.66945,121.2539,K8218,89
1554,28.5981,120.92483,K8219,516
1555,28.63056,121.0978,K8220,339
1556,28.53806,121.0739,K8221,603
1557,28.58417,120.7997,K8222,487
1558,28.53722,120.9522,K8225,434
1559,28.62472,121.2397,K8226,0
1560,28.6125,121.2672,K8227,74
1561,28.70555,121.3256,K8228,103
1562,28.59833,120.82,K8270,353
1563,28.50778,120.8914,K8271,481
1564,28.52722,120.9522,K8272,379
1565,28.48611,121.0247,K8274,780
1566,28.58167,120.9753,K8282,422
1567,28.64278,121.1564,K8283,158
1568,28.57528,121.3503,K8301,72
1569,28.52778,121.4456,K8302,117
1570,28.51583,121.4972,K8303,135
1571,28.52611,121.5967,K8305,231
1572,28.58556,121.3344,K8306,68
1573,28.55528,121.4222,K8307,107
1574,28.51194,121.4036,K8308,97
1575,28.55445,121.4694,K8309,65
1576,28.54861,121.3681,K8310,76
1577,28.56083,121.33,K8311,81
1578,28.50805,121.5872,K8312,128
1579,28.56807,121.51892,K8313,153
1580,28.48389,121.6217,K8314,56
1581,28.56139,121.5944,K8315,136
1582,28.55056,121.6422,K8316,207
1583,28.61778,121.3067,K8317,72
1584,28.56417,121.3083,K8318,81
1585,28.56139,121.5944,K8319,150
1586,28.45833,121.6653,K8320,19
1587,28.52889,121.3761,K8321,87
1588,28.55556,121.5392,K8322,91
1589,28.34945,121.4606,K8401,186
1590,28.52972,121.3078,K8402,134
1591,28.49111,121.2411,K8403,155
1592,28.37111,121.5664,K8404,175
1593,28.32472,121.2611,K8405,0
1594,28.4475,121.3258,K8406,205
1595,28.24639,121.6039,K8407,121
1596,28.47806,121.4594,K8408,141
1597,28.42222,121.6081,K8409,48
1598,28.28611,121.3994,K8410,211
1599,28.38389,121.3003,K8411,275
1600,28.39889,121.5228,K8412,141
1601,28.45056,121.5589,K8413,164
1602,28.49917,121.2019,K8414,128
1603,28.4125,121.6617,K8415,156
1604,28.41556,121.4511,K8416,146
1605,28.42056,121.2528,K8417,209
1606,28.32583,121.6189,K8419,194
1607,28.36194,121.2825,K8420,239
1608,28.32944,121.3311,K8421,241
1609,28.48222,121.3236,K8422,194
1610,28.41195,121.3767,K8423,146
1611,28.45722,121.3997,K8424,131
1612,28.23111,121.6356,K8425,33
1613,28.41111,121.5644,K8426,34
1614,28.46889,121.2619,K8427,172
1615,28.48944,121.3794,K8429,94
1616,28.39,121.3681,K8430,257
1617,28.49694,121.3361,K8441,140
1618,28.43611,121.4358,K8442,174
1619,28.48944,121.4331,K8443,81
1620,28.345,121.4997,K8444,117
1621,28.43167,121.6581,K8445,143
1622,28.325,121.4075,K8446,224
1623,28.32778,121.4594,K8447,23
1624,28.30389,121.6469,K8448,145
1625,28.48333,121.56667,K8452,-9999
1626,28.25694,121.2867,K8501,215
1627,28.16639,121.3717,K8502,293
1628,28.24389,121.3803,K8503,218
1629,28.21,121.1575,K8504,105
1630,28.12556,121.2369,K8505,216
1631,28.09222,121.4039,K8506,172
1632,28.09167,121.2042,K8507,122
1633,28.08583,121.52,K8508,68
1634,28.08833,121.1528,K8509,97
1635,28.19611,121.3092,K8510,118
1636,28.19833,121.2414,K8511,96
1637,28.21694,121.3014,K8512,234
1638,28.10611,121.36417,K8513,134
1639,28.10306,121.1358,K8517,0
1640,28.22667,121.3333,K8518,228
1641,28.24806,121.2539,K8520,187
1642,28.31528,121.3458,K8521,215
1643,28.195,121.2103,K8522,147
1644,28.1333,121.1333,K8526,0
1645,28.11917,121.1981,K8527,121
1646,28.2425,121.1392,K8528,0
1647,28.22222,121.3753,K8530,321
1648,28.22222,121.3753,K8580,321
1649,28.31528,121.3458,K8581,215
1650,28.10611,121.36417,K8582,176
1651,28.10556,121.2369,K8583,214
1652,28.19833,121.2414,K8584,112
1653,28.09167,121.2042,K8585,293
1654,28.21,121.1575,K8586,105
1655,28.08583,121.52,K8587,53
1656,28.09222,121.4039,K8588,172
1657,28.2425,121.1392,K8589,0
1658,28.76667,121.4869,K8601,220
1659,28.75694,121.3186,K8602,0
1660,28.89917,120.9047,K8603,144
1661,28.92889,121.2622,K8604,309
1662,29.00056,121.1142,K8605,119
1663,28.7425,121.1011,K8606,324
1664,28.795,121.1706,K8607,48
1665,28.84,121.2647,K8608,365
1666,28.85222,121.4519,K8609,326
1667,28.83722,121.6631,K8610,29
1668,28.71278,121.6378,K8611,61
1669,28.87944,121.3731,K8613,278
1670,28.95778,121.2133,K8614,202
1671,28.79444,121.1206,K8615,227
1672,28.74611,121.2358,K8616,176
1673,28.90444,121.2022,K8617,0
1674,28.87278,121.0231,K8618,208
1675,28.97889,121.1494,K8619,257
1676,28.80861,121.5797,K8620,185
1677,28.69306,121.5456,K8621,105
1678,28.87167,121.0797,K8622,206
1679,28.98,120.9153,K8623,144
1680,29.01528,120.9958,K8624,112
1681,28.93361,121.0011,K8625,221
1682,28.69,121.0728,K8626,465
1683,28.69111,121.7594,K8627,6
1684,28.91,120.8944,K8628,131
1685,28.80972,121.8475,K8629,83
1686,28.74306,121.8481,K8630,16
1687,28.72917,120.9675,K8640,492
1688,28.77222,121.1153,K8641,197
1689,28.82444,121.2322,K8642,179
1690,29.00028,120.9667,K8643,149
1691,28.89333,121.3694,K8644,251
1692,28.89333,121.3694,K8645,1
1693,28.84833,121.3367,K8646,392
1694,29.00528,121.2608,K8647,276
1695,28.91028,121.4022,K8648,265
1696,28.71361,121.5781,K8649,190
1697,28.71583,121.7297,K8650,49
1698,28.70917,121.7539,K8651,0
1699,28.71806,121.7117,K8652,0
1700,28.78972,120.93333,K8654,0
1701,28.75889,121.5583,K8655,161
1702,28.85194,121.1328,K8661,163
1703,28.43167,121.9033,K8666,0
1704,28.0575,121.2708,K8667,180
1705,28.71278,121.6378,K8681,63
1706,29.26778,120.9864,K8701,132
1707,29.12583,120.7947,K8702,43
1708,29.25833,121.0914,K8703,198
1709,29.09056,121.1014,K8704,97
1710,29.05167,120.7939,K8705,153
1711,29.07055,121.0,K8706,95
1712,29.05917,120.7022,K8707,66
1713,29.14472,120.8625,K8708,35
1714,29.09945,120.8569,K8709,130
1715,29.19722,120.8017,K8710,7
1716,29.17194,121.2222,K8711,217
1717,29.11111,121.1156,K8712,139
1718,29.24306,121.0519,K8713,207
1719,29.06778,121.1947,K8714,145
1720,29.08805,120.8956,K8715,80
1721,29.06944,121.0575,K8716,80
1722,29.135,121.0372,K8717,72
1723,29.28833,120.9108,K8718,0
1724,29.12,121.1022,K8719,138
1725,29.20111,120.8997,K8720,39
1726,29.20694,121.0164,K8721,83
1727,29.02028,120.8761,K8722,169
1728,29.02306,120.77,K8723,176
1729,29.13806,121.0067,K8724,61
1730,29.08805,121.1758,K8725,146
1731,29.07278,120.7303,K8726,65
1732,29.15139,121.1528,K8727,155
1733,29.31056,121.0619,K8728,190
1734,29.22417,121.14,K8729,123
1735,28.97583,120.8189,K8730,215
1736,29.07139,120.8411,K8740,154
1737,29.20361,120.9628,K8741,61
1738,29.09,120.8,K8742,137
1739,29.15,121.21667,K8743,175
1740,29.12,120.86667,K8745,133
1741,29.22639,120.8475,K8746,71
1742,29.115,121.1244,K8747,107
1743,29.13389,120.98,K8759,37
1744,29.28889,120.915,K8770,160
1745,29.05139,120.8411,K8771,167
1746,29.29333,121.1458,K8772,207
1747,29.18444,121.1128,K8773,147
1748,29.21722,120.8017,K8774,70
1749,29.04361,121.3403,K8801,236
1750,28.93806,121.7144,K8802,68
1751,29.16195,121.5706,K8803,178
1752,29.01167,121.5094,K8805,95
1753,28.98389,121.3986,K8806,297
1754,29.05,121.2208,K8807,181
1755,28.8675,121.5128,K8808,252
1756,28.92083,121.4714,K8809,179
1757,29.01389,121.6083,K8810,170
1758,28.97111,121.5808,K8811,62
1759,29.0675,121.4881,K8812,150
1760,28.87583,121.6383,K8813,41
1761,29.07444,121.2789,K8814,117
1762,29.15222,121.4575,K8815,76
1763,29.10389,121.6006,K8816,171
1764,29.07528,121.405,K8817,223
1765,29.0025,121.3147,K8818,231
1766,29.15861,121.3514,K8819,159
1767,29.12361,121.48,K8820,140
1768,28.92694,121.5833,K8821,68
1769,29.15083,121.3683,K8822,155
1770,29.10861,121.5767,K8823,181
1771,29.00889,121.4683,K8824,193
1772,29.06667,121.6792,K8825,22
1773,28.89111,121.6617,K8826,31
1774,28.89111,121.6617,K8827,28
1775,29.02444,121.3881,K8828,287
1776,29.05445,121.2419,K8829,131
1777,29.04917,121.4242,K8840,210
1778,29.11806,121.5811,K8841,42
1779,28.72556,120.5786,K8901,45
1780,28.72889,120.4772,K8902,41
1781,28.71806,120.7936,K8903,324
1782,28.94639,120.7519,K8904,0
1783,28.62139,120.7147,K8905,204
1784,28.78889,120.8575,K8906,367
1785,28.85028,120.5117,K8907,78
1786,28.66389,120.6708,K8908,330
1787,28.895,120.6228,K8909,148
1788,28.69833,120.3353,K8910,96
1789,28.67194,120.5706,K8911,80
1790,28.57361,120.3961,K8912,103
1791,28.645,120.4797,K8913,97
1792,28.61611,120.7961,K8914,325
1793,28.77722,120.7242,K8915,153
1794,28.56083,120.3333,K8916,74
1795,28.83972,120.8778,K8917,90
1796,28.72583,120.5208,K8918,37
1797,28.76056,120.775,K8919,277
1798,28.77944,120.4283,K8920,52
1799,28.63111,120.4019,K8921,38
1800,28.87944,120.8328,K8922,115
1801,28.54944,120.5878,K8923,207
1802,28.87833,120.6025,K8924,123
1803,28.825,120.7467,K8925,83
1804,28.69833,120.4433,K8926,38
1805,28.87278,120.7306,K8927,111
1806,28.81194,120.6328,K8928,64
1807,28.775,120.5811,K8929,65
1808,28.60417,120.6542,K8942,297
1809,28.59222,120.5281,K8943,258
1810,28.91639,120.7275,K8945,182
1811,28.63917,120.6425,K8946,216
1812,28.78306,120.5061,K8947,46
1813,28.64528,120.4169,K8948,55
1814,28.62583,120.8078,K8949,340
1815,28.64278,120.8931,K8982,0
1816,28.65472,121.4189,K8001,82
1817,28.71889,121.9156,K8002,9
1818,28.638986,121.3521,K8003,53
1819,29.15,120.95,K8082,0
1820,28.67805,121.4467,K8101,78
1821,28.69667,121.4897,K8103,127
1822,28.75389,121.4047,K8104,111
1823,28.70806,121.3967,K8106,80
1824,28.59306,121.4592,K8107,116
1825,28.73028,121.4508,K8108,124
1826,28.61944,121.5092,K8109,116
1827,28.49639,121.9056,K8110,12
1828,28.69444,121.4744,K8111,42
1829,28.66417,121.4556,K8112,92
1830,28.64,121.5019,K8113,102
1831,28.61722,121.522441,K8114,160
1832,28.59028,121.3997,K8115,56
1833,28.60861,121.8156,K8116,42
1834,28.45333,121.8894,K8117,0
1835,28.68333,121.375,K8118,76
1836,28.67805,121.5119,K8120,0
1837,28.70583,121.4325,K8191,95
1838,28.6525,121.28,K8201,163
1839,28.59167,120.9753,K8202,625
1840,28.54806,121.1744,K8203,167
1841,28.61028,121.0614,K8204,308
1842,28.67417,121.1369,K8205,269
1843,28.53583,120.9131,K8206,745
1844,28.65211,121.01093,K8208,767
1845,28.60583,120.8744,K8209,664
1846,28.515366,121.008268,K8210,458
1847,28.6903,121.3275,K8212,78
1848,28.54972,121.2781,K8213,141
1849,28.58444,121.2314,K8214,68
1850,28.68139,121.2067,K8215,139
1851,28.595,121.1314,K8216,216
1852,28.63222,121.1736,K8217,127
1853,28.66945,121.2539,K8218,160
1854,28.5981,120.92483,K8219,792
1855,28.63056,121.0978,K8220,285
1856,28.53806,121.0739,K8221,329
1857,28.58417,120.7997,K8222,622
1858,28.53722,120.9522,K8225,783
1859,28.62472,121.2397,K8226,0
1860,28.6125,121.2672,K8227,99
1861,28.70555,121.3256,K8228,67
1862,28.59833,120.82,K8270,418
1863,28.50778,120.8914,K8271,544
1864,28.52722,120.9522,K8272,783
1865,28.48611,121.0247,K8274,521
1866,28.58167,120.9753,K8282,704
1867,28.64278,121.1564,K8283,166
1868,28.57528,121.3503,K8301,104
1869,28.52778,121.4456,K8302,75
1870,28.51583,121.4972,K8303,121
1871,28.48386,121.62174,K8304,64
1872,28.52611,121.5967,K8305,200
1873,28.58556,121.3344,K8306,104
1874,28.55528,121.4222,K8307,66
1875,28.51194,121.4036,K8308,82
1876,28.55445,121.4694,K8309,78
1877,28.54861,121.3681,K8310,81
1878,28.56083,121.33,K8311,109
1879,28.50805,121.5872,K8312,202
1880,28.56807,121.51892,K8313,152
1881,28.48389,121.6217,K8314,64
1882,28.56139,121.5944,K8315,161
1883,28.55056,121.6422,K8316,149
1884,28.61778,121.3067,K8317,94
1885,28.56417,121.3083,K8318,118
1886,28.56139,121.5944,K8319,158
1887,28.45833,121.6653,K8320,19
1888,28.52889,121.3761,K8321,87
1889,28.55556,121.5392,K8322,65
1890,28.34945,121.4606,K8401,108
1891,28.52972,121.3078,K8402,125
1892,28.49111,121.2411,K8403,123
1893,28.37111,121.5664,K8404,178
1894,28.32472,121.2611,K8405,0
1895,28.4475,121.3258,K8406,209
1896,28.24639,121.6039,K8407,91
1897,28.47806,121.4594,K8408,142
1898,28.42222,121.6081,K8409,55
1899,28.28611,121.3994,K8410,176
1900,28.38389,121.3003,K8411,175
1901,28.39889,121.5228,K8412,129
1902,28.45056,121.5589,K8413,167
1903,28.49917,121.2019,K8414,143
1904,28.4125,121.6617,K8415,104
1905,28.41556,121.4511,K8416,107
1906,28.42056,121.2528,K8417,165
1907,28.32583,121.6189,K8419,162
1908,28.36194,121.2825,K8420,144
1909,28.32944,121.3311,K8421,232
1910,28.48222,121.3236,K8422,149
1911,28.41195,121.3767,K8423,120
1912,28.45722,121.3997,K8424,118
1913,28.23111,121.6356,K8425,16
1914,28.41111,121.5644,K8426,0
1915,28.46889,121.2619,K8427,196
1916,28.48944,121.3794,K8429,83
1917,28.39,121.3681,K8430,219
1918,28.49694,121.3361,K8441,125
1919,28.43611,121.4358,K8442,149
1920,28.48944,121.4331,K8443,87
1921,28.345,121.4997,K8444,114
1922,28.43167,121.6581,K8445,101
1923,28.325,121.4075,K8446,219
1924,28.32778,121.4594,K8447,13
1925,28.30389,121.6469,K8448,96
1926,28.48333,121.56667,K8452,-9999
1927,28.25694,121.2867,K8501,204
1928,28.16639,121.3717,K8502,124
1929,28.24389,121.3803,K8503,188
1930,28.21,121.1575,K8504,29
1931,28.12556,121.2369,K8505,294
1932,28.09222,121.4039,K8506,147
1933,28.09167,121.2042,K8507,167
1934,28.08583,121.52,K8508,31
1935,28.08833,121.1528,K8509,152
1936,28.19611,121.3092,K8510,139
1937,28.19833,121.2414,K8511,136
1938,28.21694,121.3014,K8512,260
1939,28.10611,121.36417,K8513,102
1940,28.10306,121.1358,K8517,4
1941,28.22667,121.3333,K8518,199
1942,28.24806,121.2539,K8520,140
1943,28.31528,121.3458,K8521,159
1944,28.195,121.2103,K8522,137
1945,28.1333,121.1333,K8526,0
1946,28.11917,121.1981,K8527,78
1947,28.2425,121.1392,K8528,0
1948,28.22222,121.3753,K8530,215
1949,28.22222,121.3753,K8580,215
1950,28.31528,121.3458,K8581,159
1951,28.10611,121.36417,K8582,112
1952,28.10556,121.2369,K8583,329
1953,28.19833,121.2414,K8584,136
1954,28.09167,121.2042,K8585,124
1955,28.21,121.1575,K8586,29
1956,28.08583,121.52,K8587,25
1957,28.09222,121.4039,K8588,147
1958,28.2425,121.1392,K8589,0
1959,28.76667,121.4869,K8601,195
1960,28.75694,121.3186,K8602,0
1961,28.89917,120.9047,K8603,199
1962,28.92889,121.2622,K8604,235
1963,29.00056,121.1142,K8605,147
1964,28.7425,121.1011,K8606,425
1965,28.795,121.1706,K8607,0
1966,28.84,121.2647,K8608,257
1967,28.85222,121.4519,K8609,297
1968,28.83722,121.6631,K8610,19
1969,28.71278,121.6378,K8611,21
1970,28.87944,121.3731,K8613,312
1971,28.95778,121.2133,K8614,160
1972,28.79444,121.1206,K8615,296
1973,28.74611,121.2358,K8616,125
1974,28.87278,121.0231,K8618,193
1975,28.97889,121.1494,K8619,245
1976,28.80861,121.5797,K8620,60
1977,28.69306,121.5456,K8621,76
1978,28.87167,121.0797,K8622,217
1979,28.98,120.9153,K8623,198
1980,29.01528,120.9958,K8624,183
1981,28.93361,121.0011,K8625,268
1982,28.69,121.0728,K8626,457
1983,28.69111,121.7594,K8627,4
1984,28.91,120.8944,K8628,182
1985,28.80972,121.8475,K8629,37
1986,28.74306,121.8481,K8630,6
1987,28.72917,120.9675,K8640,642
1988,28.77222,121.1153,K8641,309
1989,28.82444,121.2322,K8642,187
1990,29.00028,120.9667,K8643,231
1991,28.89333,121.3694,K8644,224
1992,28.89333,121.3694,K8645,3
1993,28.84833,121.3367,K8646,335
1994,29.00528,121.2608,K8647,271
1995,28.91028,121.4022,K8648,187
1996,28.71361,121.5781,K8649,152
1997,28.71583,121.7297,K8650,14
1998,28.70917,121.7539,K8651,0
1999,28.71806,121.7117,K8652,0
2000,28.78972,120.93333,K8654,0
2001,28.75889,121.5583,K8655,143
2002,28.85194,121.1328,K8661,114
2003,28.43167,121.9033,K8666,0
2004,28.0575,121.2708,K8667,93
2005,28.71278,121.6378,K8681,21
2006,29.26778,120.9864,K8701,133
2007,29.12583,120.7947,K8702,129
2008,29.25833,121.0914,K8703,260
2009,29.09056,121.1014,K8704,116
2010,29.05167,120.7939,K8705,279
2011,29.07055,121.0,K8706,169
2012,29.05917,120.7022,K8707,126
2013,29.14472,120.8625,K8708,101
2014,29.09945,120.8569,K8709,259
2015,29.19722,120.8017,K8710,9
2016,29.17194,121.2222,K8711,177
2017,29.11111,121.1156,K8712,108
2018,29.24306,121.0519,K8713,269
2019,29.06778,121.1947,K8714,167
2020,29.08805,120.8956,K8715,106
2021,29.06944,121.0575,K8716,168
2022,29.135,121.0372,K8717,84
2023,29.28833,120.9108,K8718,0
2024,29.12,121.1022,K8719,113
2025,29.20111,120.8997,K8720,65
2026,29.20694,121.0164,K8721,157
2027,29.02028,120.8761,K8722,242
2028,29.02306,120.77,K8723,290
2029,29.13806,121.0067,K8724,81
2030,29.08805,121.1758,K8725,123
2031,29.07278,120.7303,K8726,130
2032,29.15139,121.1528,K8727,135
2033,29.31056,121.0619,K8728,170
2034,29.22417,121.14,K8729,219
2035,28.97583,120.8189,K8730,348
2036,29.07139,120.8411,K8740,234
2037,29.20361,120.9628,K8741,101
2038,29.09,120.8,K8742,263
2039,29.15,121.21667,K8743,119
2040,29.12,120.86667,K8745,261
2041,29.22639,120.8475,K8746,68
2042,29.115,121.1244,K8747,81
2043,29.13389,120.98,K8759,47
2044,29.28889,120.915,K8770,132
2045,29.05139,120.8411,K8771,259
2046,29.29333,121.1458,K8772,205
2047,29.18444,121.1128,K8773,246
2048,29.21722,120.8017,K8774,86
2049,29.04361,121.3403,K8801,168
2050,28.93806,121.7144,K8802,20
2051,29.16195,121.5706,K8803,173
2052,29.01167,121.5094,K8805,75
2053,28.98389,121.3986,K8806,259
2054,29.05,121.2208,K8807,215
2055,28.8675,121.5128,K8808,124
2056,28.92083,121.4714,K8809,160
2057,29.01389,121.6083,K8810,108
2058,28.97111,121.5808,K8811,47
2059,29.0675,121.4881,K8812,114
2060,28.87583,121.6383,K8813,41
2061,29.07444,121.2789,K8814,103
2062,29.15222,121.4575,K8815,54
2063,29.10389,121.6006,K8816,116
2064,29.07528,121.405,K8817,174
2065,29.0025,121.3147,K8818,189
2066,29.15861,121.3514,K8819,92
2067,29.12361,121.48,K8820,96
2068,28.92694,121.5833,K8821,41
2069,29.15083,121.3683,K8822,93
2070,29.10861,121.5767,K8823,105
2071,29.00889,121.4683,K8824,130
2072,29.06667,121.6792,K8825,22
2073,28.89111,121.6617,K8826,30
2074,28.89111,121.6617,K8827,26
2075,29.02444,121.3881,K8828,246
2076,29.05445,121.2419,K8829,147
2077,29.16195,121.5706,K8830,179
2078,29.04917,121.4242,K8840,145
2079,29.11806,121.5811,K8841,26
2080,28.72556,120.5786,K8901,100
2081,28.72889,120.4772,K8902,64
2082,28.71806,120.7936,K8903,319
2083,28.94639,120.7519,K8904,0
2084,28.62139,120.7147,K8905,269
2085,28.78889,120.8575,K8906,372
2086,28.85028,120.5117,K8907,145
2087,28.66389,120.6708,K8908,332
2088,28.895,120.6228,K8909,195
2089,28.69833,120.3353,K8910,150
2090,28.67194,120.5706,K8911,149
2091,28.57361,120.3961,K8912,157
2092,28.645,120.4797,K8913,151
2093,28.61611,120.7961,K8914,433
2094,28.77722,120.7242,K8915,226
2095,28.56083,120.3333,K8916,122
2096,28.83972,120.8778,K8917,149
2097,28.72583,120.5208,K8918,64
2098,28.76056,120.775,K8919,277
2099,28.77944,120.4283,K8920,125
2100,28.63111,120.4019,K8921,48
2101,28.87944,120.8328,K8922,179
2102,28.54944,120.5878,K8923,262
2103,28.87833,120.6025,K8924,183
2104,28.825,120.7467,K8925,122
2105,28.69833,120.4433,K8926,45
2106,28.87278,120.7306,K8927,192
2107,28.81194,120.6328,K8928,112
2108,28.775,120.5811,K8929,124
2109,28.60417,120.6542,K8942,299
2110,28.59222,120.5281,K8943,411
2111,28.91639,120.7275,K8945,273
2112,28.63917,120.6425,K8946,257
2113,28.78306,120.5061,K8947,73
2114,28.64528,120.4169,K8948,58
2115,28.62583,120.8078,K8949,492
2116,28.64278,120.8931,K8982,0
2117,28.65472,121.4189,K8001,78
2118,28.71889,121.9156,K8002,10
2119,28.638986,121.3521,K8003,57
2120,29.15,120.95,K8082,0
2121,28.67805,121.4467,K8101,88
2122,28.69667,121.4897,K8103,68
2123,28.75389,121.4047,K8104,76
2124,28.70806,121.3967,K8106,70
2125,28.59306,121.4592,K8107,101
2126,28.73028,121.4508,K8108,101
2127,28.61944,121.5092,K8109,89
2128,28.49639,121.9056,K8110,14
2129,28.69444,121.4744,K8111,28
2130,28.66417,121.4556,K8112,103
2131,28.64,121.5019,K8113,88
2132,28.61722,121.522441,K8114,111
2133,28.59028,121.3997,K8115,111
2134,28.60861,121.8156,K8116,37
2135,28.45333,121.8894,K8117,0
2136,28.68333,121.375,K8118,102
2137,28.67805,121.5119,K8120,0
2138,28.70583,121.4325,K8191,97
2139,28.6525,121.28,K8201,153
2140,28.59167,120.9753,K8202,295
2141,28.54806,121.1744,K8203,185
2142,28.61028,121.0614,K8204,178
2143,28.67417,121.1369,K8205,159
2144,28.53583,120.9131,K8206,473
2145,28.65211,121.01093,K8208,442
2146,28.60583,120.8744,K8209,528
2147,28.515366,121.008268,K8210,146
2148,28.6903,121.3275,K8212,101
2149,28.54972,121.2781,K8213,84
2150,28.58444,121.2314,K8214,72
2151,28.68139,121.2067,K8215,95
2152,28.595,121.1314,K8216,134
2153,28.63222,121.1736,K8217,144
2154,28.66945,121.2539,K8218,153
2155,28.5981,120.92483,K8219,728
2156,28.63056,121.0978,K8220,147
2157,28.53806,121.0739,K8221,125
2158,28.58417,120.7997,K8222,645
2159,28.53722,120.9522,K8225,200
2160,28.62472,121.2397,K8226,0
2161,28.6125,121.2672,K8227,71
2162,28.70555,121.3256,K8228,87
2163,28.59833,120.82,K8270,500
2164,28.50778,120.8914,K8271,247
2165,28.52722,120.9522,K8272,200
2166,28.48611,121.0247,K8274,135
2167,28.58167,120.9753,K8282,335
2168,28.64278,121.1564,K8283,154
2169,28.57528,121.3503,K8301,93
2170,28.52778,121.4456,K8302,95
2171,28.51583,121.4972,K8303,121
2172,28.48386,121.62174,K8304,43
2173,28.52611,121.5967,K8305,165
2174,28.58556,121.3344,K8306,101
2175,28.55528,121.4222,K8307,111
2176,28.51194,121.4036,K8308,110
2177,28.55445,121.4694,K8309,91
2178,28.54861,121.3681,K8310,69
2179,28.56083,121.33,K8311,84
2180,28.50805,121.5872,K8312,218
2181,28.56807,121.51892,K8313,117
2182,28.48389,121.6217,K8314,43
2183,28.56139,121.5944,K8315,143
2184,28.55056,121.6422,K8316,49
2185,28.61778,121.3067,K8317,93
2186,28.56417,121.3083,K8318,67
2187,28.56139,121.5944,K8319,138
2188,28.45833,121.6653,K8320,9
2189,28.52889,121.3761,K8321,82
2190,28.55556,121.5392,K8322,73
2191,28.34945,121.4606,K8401,97
2192,28.52972,121.3078,K8402,75
2193,28.49111,121.2411,K8403,125
2194,28.37111,121.5664,K8404,154
2195,28.32472,121.2611,K8405,0
2196,28.4475,121.3258,K8406,126
2197,28.24639,121.6039,K8407,42
2198,28.47806,121.4594,K8408,128
2199,28.42222,121.6081,K8409,56
2200,28.28611,121.3994,K8410,124
2201,28.38389,121.3003,K8411,125
2202,28.39889,121.5228,K8412,147
2203,28.45056,121.5589,K8413,190
2204,28.49917,121.2019,K8414,151
2205,28.4125,121.6617,K8415,31
2206,28.41556,121.4511,K8416,116
2207,28.42056,121.2528,K8417,137
2208,28.32583,121.6189,K8419,66
2209,28.36194,121.2825,K8420,93
2210,28.32944,121.3311,K8421,110
2211,28.48222,121.3236,K8422,95
2212,28.41195,121.3767,K8423,110
2213,28.45722,121.3997,K8424,129
2214,28.23111,121.6356,K8425,3
2215,28.41111,121.5644,K8426,0
2216,28.46889,121.2619,K8427,168
2217,28.48944,121.3794,K8429,85
2218,28.39,121.3681,K8430,176
2219,28.49694,121.3361,K8441,101
2220,28.43611,121.4358,K8442,201
2221,28.48944,121.4331,K8443,132
2222,28.345,121.4997,K8444,139
2223,28.43167,121.6581,K8445,29
2224,28.325,121.4075,K8446,157
2225,28.32778,121.4594,K8447,17
2226,28.30389,121.6469,K8448,23
2227,28.48333,121.56667,K8452,-9999
2228,28.25694,121.2867,K8501,88
2229,28.16639,121.3717,K8502,79
2230,28.24389,121.3803,K8503,120
2231,28.21,121.1575,K8504,17
2232,28.12556,121.2369,K8505,103
2233,28.09222,121.4039,K8506,146
2234,28.09167,121.2042,K8507,68
2235,28.08583,121.52,K8508,29
2236,28.08833,121.1528,K8509,72
2237,28.19611,121.3092,K8510,64
2238,28.19833,121.2414,K8511,60
2239,28.21694,121.3014,K8512,106
2240,28.10611,121.36417,K8513,84
2241,28.10306,121.1358,K8517,11
2242,28.22667,121.3333,K8518,107
2243,28.24806,121.2539,K8520,65
2244,28.31528,121.3458,K8521,94
2245,28.195,121.2103,K8522,69
2246,28.1333,121.1333,K8526,0
2247,28.11917,121.1981,K8527,20
2248,28.2425,121.1392,K8528,0
2249,28.22222,121.3753,K8530,125
2250,28.22222,121.3753,K8580,125
2251,28.31528,121.3458,K8581,94
2252,28.10611,121.36417,K8582,106
2253,28.10556,121.2369,K8583,113
2254,28.19833,121.2414,K8584,60
2255,28.09167,121.2042,K8585,79
2256,28.21,121.1575,K8586,17
2257,28.08583,121.52,K8587,24
2258,28.09222,121.4039,K8588,146
2259,28.2425,121.1392,K8589,0
2260,28.76667,121.4869,K8601,195
2261,28.75694,121.3186,K8602,0
2262,28.89917,120.9047,K8603,299
2263,28.92889,121.2622,K8604,194
2264,29.00056,121.1142,K8605,165
2265,28.7425,121.1011,K8606,303
2266,28.795,121.1706,K8607,0
2267,28.84,121.2647,K8608,235
2268,28.85222,121.4519,K8609,363
2269,28.83722,121.6631,K8610,7
2270,28.71278,121.6378,K8611,15
2271,28.87944,121.3731,K8613,315
2272,28.95778,121.2133,K8614,126
2273,28.79444,121.1206,K8615,309
2274,28.74611,121.2358,K8616,132
2275,28.87278,121.0231,K8618,295
2276,28.97889,121.1494,K8619,207
2277,28.80861,121.5797,K8620,65
2278,28.69306,121.5456,K8621,98
2279,28.87167,121.0797,K8622,226
2280,28.98,120.9153,K8623,235
2281,29.01528,120.9958,K8624,201
2282,28.93361,121.0011,K8625,303
2283,28.69,121.0728,K8626,309
2284,28.69111,121.7594,K8627,5
2285,28.91,120.8944,K8628,312
2286,28.80972,121.8475,K8629,35
2287,28.74306,121.8481,K8630,8
2288,28.72917,120.9675,K8640,673
2289,28.77222,121.1153,K8641,267
2290,28.82444,121.2322,K8642,157
2291,29.00028,120.9667,K8643,291
2292,28.89333,121.3694,K8644,257
2293,28.89333,121.3694,K8645,3
2294,28.84833,121.3367,K8646,264
2295,29.00528,121.2608,K8647,316
2296,28.91028,121.4022,K8648,227
2297,28.71361,121.5781,K8649,138
2298,28.71583,121.7297,K8650,8
2299,28.70917,121.7539,K8651,0
2300,28.71806,121.7117,K8652,0
2301,28.78972,120.93333,K8654,0
2302,28.75889,121.5583,K8655,155
2303,28.85194,121.1328,K8661,0
2304,28.43167,121.9033,K8666,0
2305,28.0575,121.2708,K8667,81
2306,28.71278,121.6378,K8681,15
2307,29.26778,120.9864,K8701,143
2308,29.12583,120.7947,K8702,196
2309,29.25833,121.0914,K8703,180
2310,29.09056,121.1014,K8704,184
2311,29.05167,120.7939,K8705,267
2312,29.07055,121.0,K8706,217
2313,29.05917,120.7022,K8707,153
2314,29.14472,120.8625,K8708,195
2315,29.09945,120.8569,K8709,294
2316,29.19722,120.8017,K8710,8
2317,29.17194,121.2222,K8711,166
2318,29.11111,121.1156,K8712,175
2319,29.24306,121.0519,K8713,248
2320,29.06778,121.1947,K8714,244
2321,29.08805,120.8956,K8715,123
2322,29.06944,121.0575,K8716,199
2323,29.135,121.0372,K8717,118
2324,29.28833,120.9108,K8718,0
2325,29.12,121.1022,K8719,194
2326,29.20111,120.8997,K8720,109
2327,29.20694,121.0164,K8721,186
2328,29.02028,120.8761,K8722,283
2329,29.02306,120.77,K8723,302
2330,29.13806,121.0067,K8724,140
2331,29.08805,121.1758,K8725,238
2332,29.07278,120.7303,K8726,182
2333,29.15139,121.1528,K8727,242
2334,29.31056,121.0619,K8728,91
2335,29.22417,121.14,K8729,169
2336,28.97583,120.8189,K8730,476
2337,29.07139,120.8411,K8740,232
2338,29.20361,120.9628,K8741,130
2339,29.09,120.8,K8742,238
2340,29.15,121.21667,K8743,130
2341,29.12,120.86667,K8745,299
2342,29.22639,120.8475,K8746,144
2343,29.115,121.1244,K8747,138
2344,29.13389,120.98,K8759,78
2345,29.28889,120.915,K8770,136
2346,29.05139,120.8411,K8771,239
2347,29.29333,121.1458,K8772,108
2348,29.18444,121.1128,K8773,301
2349,29.21722,120.8017,K8774,227
2350,29.04361,121.3403,K8801,210
2351,28.93806,121.7144,K8802,31
2352,29.16195,121.5706,K8803,104
2353,29.01167,121.5094,K8805,92
2354,28.98389,121.3986,K8806,326
2355,29.05,121.2208,K8807,285
2356,28.8675,121.5128,K8808,161
2357,28.92083,121.4714,K8809,200
2358,29.01389,121.6083,K8810,123
2359,28.97111,121.5808,K8811,26
2360,29.0675,121.4881,K8812,104
2361,28.87583,121.6383,K8813,22
2362,29.07444,121.2789,K8814,239
2363,29.15222,121.4575,K8815,51
2364,29.10389,121.6006,K8816,123
2365,29.07528,121.405,K8817,227
2366,29.0025,121.3147,K8818,303
2367,29.15861,121.3514,K8819,76
2368,29.12361,121.48,K8820,96
2369,28.92694,121.5833,K8821,16
2370,29.15083,121.3683,K8822,79
2371,29.10861,121.5767,K8823,98
2372,29.00889,121.4683,K8824,126
2373,29.06667,121.6792,K8825,27
2374,28.89111,121.6617,K8826,18
2375,28.89111,121.6617,K8827,17
2376,29.02444,121.3881,K8828,311
2377,29.05445,121.2419,K8829,237
2378,29.16195,121.5706,K8830,115
2379,29.04917,121.4242,K8840,168
2380,29.11806,121.5811,K8841,29
2381,28.72556,120.5786,K8901,108
2382,28.72889,120.4772,K8902,139
2383,28.71806,120.7936,K8903,336
2384,28.94639,120.7519,K8904,0
2385,28.62139,120.7147,K8905,473
2386,28.78889,120.8575,K8906,0
2387,28.85028,120.5117,K8907,212
2388,28.66389,120.6708,K8908,491
2389,28.895,120.6228,K8909,271
2390,28.69833,120.3353,K8910,257
2391,28.67194,120.5706,K8911,277
2392,28.57361,120.3961,K8912,197
2393,28.645,120.4797,K8913,185
2394,28.61611,120.7961,K8914,495
2395,28.77722,120.7242,K8915,387
2396,28.56083,120.3333,K8916,148
2397,28.83972,120.8778,K8917,375
2398,28.72583,120.5208,K8918,65
2399,28.76056,120.775,K8919,358
2400,28.77944,120.4283,K8920,227
2401,28.63111,120.4019,K8921,83
2402,28.87944,120.8328,K8922,298
2403,28.54944,120.5878,K8923,237
2404,28.87833,120.6025,K8924,221
2405,28.825,120.7467,K8925,170
2406,28.69833,120.4433,K8926,90
2407,28.87278,120.7306,K8927,210
2408,28.81194,120.6328,K8928,106
2409,28.775,120.5811,K8929,142
2410,28.60417,120.6542,K8942,476
2411,28.59222,120.5281,K8943,307
2412,28.91639,120.7275,K8945,363
2413,28.63917,120.6425,K8946,421
2414,28.78306,120.5061,K8947,148
2415,28.64528,120.4169,K8948,97
2416,28.62583,120.8078,K8949,526
2417,28.64278,120.8931,K8982,0
0,28.86722,120.71889,58652,12
1,28.86722,120.71889,58652,52
2,28.86722,120.71889,58652,51
3,28.86722,120.71889,58652,104
4,28.86722,120.71889,58652,100
5,28.86722,120.71889,58652,106
6,28.86722,120.71889,58652,168
7,28.86722,120.71889,58652,176
8,28.37278,121.35889,58664,90
9,28.37278,121.35889,58664,186
10,28.37278,121.35889,58664,295
11,28.37278,121.35889,58664,100
12,28.37278,121.35889,58664,195
13,28.37278,121.35889,58664,346
14,28.37278,121.35889,58664,288
15,28.37278,121.35889,58664,203
16,29.12278,121.38333,58568,80
17,29.12278,121.38333,58568,150
18,29.12278,121.38333,58568,214
19,29.12278,121.38333,58568,170
20,29.12278,121.38333,58568,172
21,29.12278,121.38333,58568,169
22,29.12278,121.38333,58568,117
23,29.12278,121.38333,58568,105
24,28.61806,121.41639,58665,110
25,28.61806,121.41639,58665,60
26,28.61806,121.41639,58665,103
27,28.61806,121.41639,58665,90
28,28.61806,121.41639,58665,75
29,28.61806,121.41639,58665,99
30,28.61806,121.41639,58665,68
31,28.61806,121.41639,58665,88
32,28.446,121.90333,58666,39
33,28.446,121.90333,58666,21
34,28.446,121.90333,58666,72
35,28.446,121.90333,58666,230
36,28.446,121.90333,58666,242
37,28.446,121.90333,58666,95
38,28.446,121.90333,58666,100
39,28.446,121.90333,58666,37
40,28.0775,121.27083,58667,86
41,28.0775,121.27083,58667,209
42,28.0775,121.27083,58667,195
43,28.0775,121.27083,58667,291
44,28.0775,121.27083,58667,172
45,28.0775,121.27083,58667,253
46,28.0775,121.27083,58667,186
47,28.0775,121.27083,58667,144
48,28.260317,121.616252,58669,22
49,28.260317,121.616252,58669,20
50,28.260317,121.616252,58669,34
51,28.260317,121.616252,58669,85
52,28.260317,121.616252,58669,221
53,28.260317,121.616252,58669,121
54,28.260317,121.616252,58669,91
55,28.260317,121.616252,58669,42
56,28.09583,121.52,58668,152
57,28.09583,121.52,58668,47
58,28.09583,121.52,58668,343
59,28.09583,121.52,58668,142
60,28.09583,121.52,58668,100
61,28.09583,121.52,58668,59
62,28.09583,121.52,58668,29
63,28.09583,121.52,58668,26
64,29.0131,121.7056,58662,70
65,29.0131,121.7056,58662,62
66,29.0131,121.7056,58662,52
67,29.0131,121.7056,58662,29
68,29.0131,121.7056,58662,17
69,29.0131,121.7056,58662,51
70,29.0131,121.7056,58662,39
71,29.0131,121.7056,58662,49
72,28.71889,121.9156,58663,9
73,28.71889,121.9156,58663,8
74,28.71889,121.9156,58663,15
75,28.71889,121.9156,58663,38
76,28.71889,121.9156,58663,114
77,28.71889,121.9156,58663,61
78,28.71889,121.9156,58663,53
79,28.71889,121.9156,58663,50
80,28.87389,121.19278,58660,114
81,28.87389,121.19278,58660,118
82,28.87389,121.19278,58660,143
83,28.87389,121.19278,58660,136
84,28.87389,121.19278,58660,198
85,28.87389,121.19278,58660,234
86,28.87389,121.19278,58660,191
87,28.87389,121.19278,58660,192
88,29.15278,120.97056,58559,23
89,29.15278,120.97056,58559,95
90,29.15278,120.97056,58559,75
91,29.15278,120.97056,58559,120
92,29.15278,120.97056,58559,99
93,29.15278,120.97056,58559,57
94,29.15278,120.97056,58559,82
95,29.15278,120.97056,58559,164
96,28.6625,121.5108,58661,24
97,28.6625,121.5108,58661,12
98,28.6625,121.5108,58661,19
99,28.6625,121.5108,58661,33
100,28.6625,121.5108,58661,88
101,28.6625,121.5108,58661,163
102,28.6625,121.5108,58661,204
103,28.6625,121.5108,58661,136
104,28.80972,120.9222,58653,365
105,28.80972,120.9222,58653,368
106,28.80972,120.9222,58653,300
107,28.80972,120.9222,58653,275
108,28.80972,120.9222,58653,346
109,28.80972,120.9222,58653,510
110,28.80972,120.9222,58653,789
111,28.80972,120.9222,58653,815
